+11008503434
+11415480000
+11459652742
+11644759017
+11703509740
+11738499000
+11738546380
+11937349260
+12002374415
+12005438462
+12013759200
+12014166644
+12014909100
+12015187000
+12016337444
+12017161469
+12017161472
+12019184124
+12022694477
+12023330128
+12023604082
+12023712223
+12024146440
+12024701333
+12024784500
+12025219595
+12025550104
+12025550118
+12025550137
+12025550147
+12025550170
+12025550185
+12025888589
+12025951000
+12027279099
+12027304444
+12027477266
+12027592300
+12028038484
+12028510255
+12029718435
+12029802202
+12031267888
+12034555555
+12035174656
+12035491500
+12036725009
+12036727575
+12036836414
+12036836433
+12036874311
+12037139993
+12037240444
+12037452502
+12037452745
+12039074166
+12039161483
+12044801818
+12049476725
+12049928383
+12052038951
+12052637070
+12054510651
+12055880887
+12055880990
+12055881997
+12056667097
+12057473333
+12059490011
+12059942446
+12059942447
+12062092626
+12062571000
+12063302222
+12063429160
+12063625851
+12063884608
+12065242273
+12065246003
+12065779966
+12066079800
+12066230183
+12067532428
+12067536286
+12067771717
+12067774400
+12067821225
+12068665888
+12068762879
+12068762929
+12068765624
+12068765641
+12068765656
+12068765670
+12068765671
+12068765672
+12068765673
+12068765674
+12068765675
+12068765676
+12068765677
+12068765678
+12068765679
+12068765680
+12068765681
+12068765682
+12068765688
+12068765872
+12068766226
+12068766227
+12068766231
+12068766600
+12068770877
+12068777777
+12068884546
+12069845492
+12072131259
+12072212233
+12072215313
+12072215399
+12072535200
+12073852222
+12073852233
+12073879741
+12073879742
+12073903232
+12074017262
+12074017265
+12074017420
+12074042588
+12074301177
+12074303500
+12074303700
+12074337202
+12075122169
+12078502121
+12078502300
+12078697171
+12083185209
+12083185800
+12086399265
+12089060227
+12089060331
+12089061200
+12089472222
+12089576312
+12092420707
+12093201358
+12094093221
+12094654878
+12094672314
+12095098090
+12096224225
+12096231088
+12096701111
+12103401289
+12103446601
+12103544475
+12103902222
+12104497607
+12104539999
+12104604151
+12104943006
+12105263500
+12105475627
+12105588999
+12105790808
+12105930576
+12105992836
+12105996011
+12106533538
+12106572800
+12106620007
+12106701110
+12106912050
+12107145225
+12107364865
+12107645039
+12108223104
+12108227767
+12108996556
+12109331313
+12122025554
+12122428669
+12122450002
+12122474868
+12122489090
+12122552760
+12122739696
+12122739697
+12122739698
+12124218119
+12124899090
+12125355047
+12126602245
+12126828242
+12127572187
+12127770777
+12127839763
+12128148407
+12128199300
+12128678883
+12128732194
+12128778866
+12129010605
+12129218858
+12129498844
+12129658484
+12129674646
+12132614444
+12132614445
+12132614446
+12132619673
+12133160879
+12133300303
+12135108660
+12135502969
+12136078181
+12136252671
+12136877667
+12136877675
+12137471239
+12142229292
+12142370505
+12143066555
+12143270551
+12143617444
+12143799800
+12143967400
+12143967401
+12143967402
+12144140028
+12144140075
+12144426331
+12145283865
+12145309300
+12145508077
+12146150100
+12146307127
+12146359199
+12147645933
+12147649399
+12147649990
+12148211990
+12148218989
+12149001967
+12149050500
+12149603149
+12149603300
+12149603500
+12152687617
+12152687618
+12152687619
+12153222222
+12153832949
+12153902222
+12154377618
+12154969653
+12155166736
+12155572222
+12155632929
+12156090558
+12156259190
+12156671911
+12156714444
+12156905555
+12157268437
+12157398255
+12157646988
+12157646989
+12157646990
+12157894235
+12157894236
+12157950100
+12157950101
+12157950102
+12159282088
+12159880065
+12162733200
+12162733201
+12162733202
+12162829941
+12163671010
+12164531000
+12165024388
+12165024731
+12165397767
+12165397768
+12166260000
+12166260336
+12166262082
+12166267777
+12166269955
+12169122800
+12169123030
+12172399506
+12172412904
+12172412907
+12172412909
+12172412910
+12172412914
+12172412916
+12174029200
+12174029500
+12176890026
+12177431455
+12179032229
+12182139300
+12182374070
+12182374486
+12182374492
+12182374493
+12182374494
+12182374495
+12182374496
+12183213333
+12183391206
+12183391208
+12183391725
+12183391775
+12184614250
+12186322255
+12186322256
+12186322258
+12186322260
+12186322262
+12186444455
+12187402428
+12187403892
+12187403895
+12188443720
+12188443724
+12188443727
+12188443729
+12188443730
+12188443732
+12188443733
+12188443734
+12188443735
+12188621843
+12188623203
+12188623702
+12188623706
+12188623708
+12188623709
+12188623712
+12188623731
+12188623732
+12188623733
+12188623734
+12188623760
+12188623771
+12188623777
+12188623782
+12188623784
+12188623785
+12188623786
+12188623788
+12188623789
+12188623790
+12188623792
+12188623796
+12188624218
+12188673784
+12188952080
+12188952083
+12188952088
+12188952091
+12188952094
+12188952095
+12188952160
+12188952165
+12188952182
+12188952184
+12188952188
+12188952189
+12188952190
+12188952202
+12188952204
+12188952207
+12188952208
+12188952210
+12188952213
+12188952217
+12188952523
+12188952529
+12188953266
+12188953277
+12189361515
+12193102007
+12194842525
+12243990023
+12243990211
+12246435555
+12248486100
+12253291414
+12255907699
+12256635000
+12256635700
+12256638905
+12259069090
+12282066062
+12282659500
+12282659999
+12282760303
+12287021535
+12287021541
+12293171905
+12293529900
+12314862222
+12314863000
+12317327032
+12342364965
+12345678900
+12345678901
+12345678902
+12345678903
+12345678904
+12345678905
+12345678906
+12345678907
+12345678908
+12345678909
+12393223500
+12395416815
+12402350054
+12402350069
+12402803300
+12403454500
+12406048903
+12408460800
+12447200200
+12449663660
+12482574040
+12484155300
+12484848484
+12486637500
+12486637575
+12487517015
+12488832800
+12504122020
+12504343335
+12504483334
+12509843322
+12512437859
+12512959986
+12513084114
+12513383838
+12513388255
+12513782685
+12517255555
+12522950015
+12522950031
+12522950032
+12523783500
+12523783800
+12523891019
+12523891022
+12524280101
+12525470009
+12533454600
+12534024876
+12534149400
+12534396666
+12535793000
+12535904215
+12536553000
+12537333436
+12538303000
+12542280909
+12542350128
+12542350330
+12542350909
+12542639610
+12542951700
+12543258050
+12544154500
+12544320443
+12548707155
+12548708210
+12562400218
+12566905555
+12567133030
+12602479366
+12602479900
+12605720414
+12607023333
+12622376565
+12622376600
+12672970027
+12672974296
+12672974413
+12672983555
+12673230457
+12673242255
+12673579777
+12673886068
+12676441010
+12677511010
+12677615568
+12677642322
+12678803555
+12694592222
+12695583333
+12703923500
+12703923700
+12707705216
+12812609400
+12813464546
+12814046613
+12814431819
+12814773000
+12815203299
+12815649988
+12815821590
+12816171452
+12816613700
+12816779999
+12816791797
+12818212407
+12818218487
+12818886754
+12819442333
+12819994551
+12819997891
+12889476943
+12892731205
+13002392527
+13012767848
+13016863333
+13016925293
+13019097500
+13022565252
+13022798888
+13022898888
+13023510123
+13023512612
+13023946113
+13024809466
+13027820321
+13027890357
+13032229000
+13032260000
+13032381018
+13032883431
+13032920302
+13033020707
+13033049523
+13033221717
+13033377773
+13033811972
+13033889601
+13034266996
+13034287042
+13035714747
+13036226000
+13036226001
+13036226002
+13036505555
+13037552575
+13037573888
+13037595666
+13037779960
+13038009609
+13038026938
+13038203212
+13039226729
+13039344993
+13039349135
+13039351406
+13039514427
+13039524009
+13042123500
+13043819500
+13045537472
+13045537486
+13048852018
+13048852049
+13052333913
+13052334432
+13052541700
+13052557474
+13053562700
+13054061604
+13054549220
+13055034151
+13055034188
+13056334000
+13056384957
+13056515822
+13056549400
+13057021500
+13057519313
+13057581330
+13058921111
+13058958737
+13059456799
+13066646666
+13072246060
+13072749009
+13072749019
+13072753135
+13074622002
+13074622222
+13074622700
+13083929300
+13083929500
+13092238788
+13092238805
+13092821846
+13092823333
+13095509900
+13099482500
+13104212501
+13104847272
+13105680066
+13105825810
+13105825811
+13105825812
+13105825813
+13105825814
+13105825846
+13106918000
+13106946555
+13107345577
+13107462366
+13107463265
+13108733264
+13109054981
+13109292747
+13109333187
+13109333188
+13109335378
+13122222820
+13122642222
+13123243338
+13123272323
+13124684168
+13124687705
+13125332885
+13125356855
+13125421411
+13125486833
+13126007700
+13126007701
+13126007702
+13126639100
+13126647400
+13126670883
+13127673719
+13127673894
+13127830104
+13128031100
+13128034444
+13129577925
+13129621000
+13129625801
+13132096830
+13132466975
+13132544354
+13132544356
+13132544455
+13133051335
+13133324184
+13133324186
+13133611616
+13133614844
+13133979957
+13134295082
+13134819302
+13134819330
+13134819338
+13134819341
+13134819348
+13135276969
+13135337710
+13135389796
+13135417000
+13135861111
+13136224754
+13137407277
+13137491111
+13138624568
+13139159241
+13139645744
+13139891300
+13142607636
+13142664853
+13142664855
+13142667636
+13142708128
+13144145900
+13144402149
+13144848756
+13145539110
+13146281464
+13146781616
+13146784444
+13146788887
+13146960028
+13147324385
+13147324387
+13147549009
+13147562040
+13147562060
+13147562222
+13147562323
+13148021700
+13149322562
+13149930517
+13152265119
+13152921800
+13154179337
+13155514444
+13157015855
+13158286900
+13158490009
+13159493958
+13159493960
+13159493968
+13164481407
+13164482372
+13164482373
+13164485074
+13164485100
+13164485500
+13167651111
+13167656565
+13172254993
+13172742298
+13174899006
+13174899415
+13176446666
+13176773333
+13177544000
+13178085700
+13178540527
+13178934482
+13184080303
+13187519700
+13187519900
+13192139500
+13193633144
+13194326666
+13203269000
+13203459595
+13203459999
+13203741111
+13204001014
+13207740161
+13212744604
+13212744642
+13216667374
+13218320000
+13232141100
+13233024322
+13233159090
+13233194374
+13235032428
+13235054488
+13235279003
+13239248782
+13239524098
+13239601597
+13239777556
+13252220819
+13252255264
+13252601234
+13252601515
+13252601934
+13253409500
+13253409999
+13289509799
+13292063258
+13302475600
+13304017168
+13304704433
+13305727777
+13305729955
+13305930000
+13306224444
+13306390000
+13307314100
+13307524368
+13307524379
+13308492866
+13312492624
+13322863377
+13323016006
+13343868081
+13344502500
+13344811069
+13344811073
+13350495586
+13362320069
+13362320094
+13362320096
+13362457777
+13362525353
+13364558000
+13365461488
+13366095555
+13366630840
+13367906515
+13367906516
+13373141234
+13373142428
+13373142432
+13373142435
+13376564500
+13376564700
+13378068556
+13392225134
+13392450139
+13392450140
+13393097000
+13394699999
+13433020214
+13443530002
+13443996965
+13453501900
+13454766057
+13462261887
+13463960842
+13469985368
+13472049408
+13472487910
+13473347030
+13473347032
+13473347033
+13473347034
+13473347036
+13473347038
+13473347040
+13474977057
+13474977058
+13475394581
+13475394583
+13477538169
+13477888678
+13478945765
+13478945769
+13512398141
+13522244260
+13522481124
+13522481126
+13522481130
+13524147700
+13524391032
+13552044939
+13559022121
+13602174444
+13603593005
+13605396000
+13605662154
+13606034975
+13606392700
+13607090100
+13607874476
+13608164444
+13609523333
+13612499500
+13612499700
+13614000632
+13615410707
+13615560033
+13615611552
+13615614400
+13615616262
+13619292990
+13656453000
+13656485011
+13774925298
+13803217696
+13823093514
+13862333500
+13862360505
+13869440379
+13989552742
+14012237338
+14012838344
+14014146227
+14014272900
+14014272909
+14014500101
+14016264122
+14016619100
+14018294748
+14018620107
+14019924444
+14022160327
+14022160328
+14022160329
+14024748408
+14024748414
+14027159600
+14027189241
+14028029001
+14028535433
+14028813333
+14028984225
+14029708080
+14033088838
+14033133311
+14037700990
+14037779494
+14042144242
+14042447000
+14043818680
+14043818681
+14044965200
+14045855200
+14045855201
+14045855202
+14047207777
+14047209999
+14048158774
+14048732234
+14049211000
+14049651111
+14054152000
+14054162000
+14056012000
+14057084048
+14057084049
+14057085895
+14058132235
+14058132244
+14058132254
+14058132258
+14058132725
+14062721448
+14063247004
+14063247012
+14063247090
+14063719020
+14063719500
+14063719991
+14066243333
+14072093050
+14072103737
+14073670666
+14073744400
+14073744401
+14073744402
+14074185555
+14074310205
+14074597415
+14078037000
+14079650265
+14079821022
+14079824590
+14079824591
+14082284784
+14084096240
+14084131600
+14085658631
+14085993310
+14086001867
+14086003333
+14086482600
+14087054445
+14087778800
+14089031180
+14092259500
+14092259898
+14096002450
+14098120400
+14098121111
+14102441800
+14102461600
+14103721400
+14108642200
+14109864328
+14109864333
+14122356299
+14125433333
+14125661866
+14125676200
+14126977400
+14128570050
+14128722222
+14128940175
+14129037777
+14132721111
+14133623300
+14134390631
+14134390676
+14134391500
+14142037000
+14142143030
+14143269611
+14144555216
+14148479455
+14149084020
+14149184023
+14149184032
+14149184035
+14152485193
+14153017632
+14153354226
+14153919349
+14153972596
+14154021000
+14154300606
+14154301212
+14154334020
+14154596330
+14154800000
+14154938994
+14154955573
+14155039522
+14155692439
+14156260309
+14156445710
+14156801500
+14156925776
+14157663444
+14157663446
+14157663447
+14157663448
+14157663450
+14157663451
+14157663454
+14157663461
+14157675115
+14157760212
+14157818222
+14157886765
+14158127221
+14158146664
+14158308800
+14158308801
+14158308802
+14158340662
+14159945505
+14167244444
+14167784300
+14169666725
+14172083500
+14174092115
+14175201200
+14175454316
+14177992800
+14177997897
+14178299979
+14182661900
+14193241111
+14193247700
+14194649130
+14199302020
+14199305018
+14199309393
+14232659999
+14233862424
+14235359999
+14235916666
+14236717589
+14236826860
+14238262400
+14242347008
+14242853500
+14246675385
+14247571900
+14252495600
+14252499000
+14255462228
+14255894800
+14258181100
+14322727000
+14322728500
+14322728888
+14344229100
+14344229500
+14344229700
+14355780202
+14356080646
+14357147320
+14357543500
+14403107070
+14403257777
+14404994270
+14405800099
+14407996666
+14408820000
+14422557834
+14432700133
+14434511624
+14438443844
+14439269595
+14439278888
+14439493300
+14439493800
+14439574889
+14439927435
+14582016270
+14582156692
+14692899449
+14693075012
+14694806014
+14694871000
+14694879990
+14695024668
+14695210909
+14695286303
+14696060661
+14696201019
+14696473593
+14696667446
+14696779811
+14699070725
+14699981191
+14699989288
+14704406624
+14704407538
+14704409975
+14704432181
+14707056667
+14782381987
+14782389009
+14782579700
+14783144015
+14783144141
+14793160015
+14794600066
+14797175555
+14803807391
+14804074648
+14804706889
+14804775555
+14804827156
+14805050303
+14805670294
+14806997289
+14809679052
+14842232053
+14842299493
+14843411010
+14844581010
+14847143636
+14848911877
+15012950119
+15017072300
+15019607843
+15019751234
+15019753502
+15019753504
+15025264322
+15025265955
+15026536600
+15028141528
+15028141535
+15028141536
+15028158802
+15028713500
+15029921000
+15032059500
+15032067350
+15032134179
+15032134180
+15032222428
+15032273023
+15032311606
+15032319611
+15032326813
+15032361125
+15032523529
+15032538765
+15032555039
+15032560527
+15032878900
+15032902200
+15033172394
+15033344100
+15033344101
+15033344102
+15036084132
+15036622698
+15037342831
+15037475725
+15037608128
+15037669366
+15037722907
+15037744513
+15037745220
+15038024848
+15038205050
+15038870392
+15039121658
+15039286333
+15044371889
+15046174800
+15047174201
+15047996500
+15049040400
+15049040427
+15052129009
+15052160808
+15052165665
+15052165666
+15052169393
+15053147777
+15053382626
+15053467777
+15055780813
+15057154320
+15057155262
+15057173700
+15058357880
+15059381066
+15059381071
+15059827575
+15059980284
+15072269600
+15072269700
+15083321220
+15083321565
+15083323123
+15083569400
+15084094100
+15084366887
+15084366889
+15084381243
+15084381246
+15084530971
+15086359595
+15086924040
+15088585262
+15089603991
+15089603992
+15092098816
+15093192309
+15093212200
+15093212828
+15094819999
+15096761000
+15096761001
+15096761002
+15096761003
+15096761004
+15096761005
+15096761006
+15096761007
+15096761008
+15096761009
+15096761010
+15096761011
+15096761012
+15096761013
+15096761014
+15096761015
+15096761016
+15096761017
+15096761018
+15096761019
+15096761020
+15096761021
+15096761022
+15096761023
+15096761024
+15096761025
+15096761026
+15096761027
+15096761028
+15096761029
+15096761030
+15096761031
+15096761032
+15096761033
+15096761034
+15096761035
+15096761036
+15096761037
+15096761038
+15096761039
+15096761040
+15096761041
+15096761042
+15096761043
+15096761044
+15096761045
+15096761046
+15096761047
+15096761048
+15096761049
+15096761050
+15096761051
+15096761052
+15096761053
+15096761054
+15096761055
+15096761056
+15096761057
+15096761058
+15096761059
+15096761060
+15096761061
+15096761062
+15096761063
+15096761064
+15096761065
+15096761066
+15096761067
+15096761068
+15096761069
+15096761070
+15096761071
+15096761072
+15096761073
+15096761074
+15096761075
+15096761076
+15096761077
+15096761078
+15096761079
+15096761080
+15096761081
+15096761082
+15096761083
+15096761084
+15096761085
+15096761086
+15096761087
+15096761088
+15096761089
+15096761090
+15096761091
+15096761092
+15096761093
+15096761094
+15096761095
+15096761096
+15096761097
+15096761098
+15096761099
+15096761100
+15096761101
+15096761102
+15096761103
+15096761104
+15096761105
+15096761106
+15096761107
+15096761108
+15096761109
+15096761110
+15096761111
+15096761112
+15096761113
+15096761114
+15096761115
+15096761116
+15096761117
+15096761118
+15096761119
+15096761120
+15096761121
+15096761122
+15096761123
+15096761124
+15096761125
+15096761126
+15096761127
+15096761128
+15096761129
+15096761130
+15096761131
+15096761132
+15096761133
+15096761134
+15096761135
+15096761136
+15096761137
+15096761138
+15096761139
+15096761140
+15096761141
+15096761142
+15096761143
+15096761144
+15096761145
+15096761146
+15096761147
+15096761148
+15096761149
+15096761150
+15096761151
+15096761152
+15096761153
+15096761154
+15096761155
+15096761156
+15096761157
+15096761158
+15096761159
+15096761160
+15096761161
+15096761162
+15096761163
+15096761164
+15096761165
+15096761166
+15096761167
+15096761168
+15096761169
+15096761170
+15096761171
+15096761172
+15096761173
+15096761174
+15096761175
+15096761176
+15096761177
+15096761178
+15096761179
+15096761180
+15096761181
+15096761182
+15096761183
+15096761184
+15096761185
+15096761186
+15096761187
+15096761188
+15096761189
+15096761190
+15096761191
+15096761192
+15096761193
+15096761194
+15096761195
+15096761196
+15096761197
+15096761198
+15096761199
+15096761200
+15096761201
+15096761202
+15096761203
+15096761204
+15096761205
+15096761206
+15096761207
+15096761208
+15096761209
+15096761210
+15096761211
+15096761212
+15096761213
+15096761214
+15096761215
+15096761216
+15096761217
+15096761218
+15096761219
+15096761220
+15096761221
+15096761222
+15096761223
+15096761224
+15096761225
+15096761226
+15096761227
+15096761228
+15096761229
+15096761230
+15096761231
+15096761232
+15096761233
+15096761234
+15096761235
+15096761236
+15096761237
+15096761238
+15096761239
+15096761240
+15096761241
+15096761242
+15096761243
+15096761244
+15096761245
+15096761246
+15096761247
+15096761248
+15096761249
+15096761250
+15096761251
+15096761252
+15096761253
+15096761254
+15096761255
+15096761256
+15096761257
+15096761258
+15096761259
+15096761260
+15096761261
+15096761262
+15096761263
+15096761264
+15096761265
+15096761266
+15096761267
+15096761268
+15096761269
+15096761270
+15096761271
+15096761272
+15096761273
+15096761274
+15096761275
+15096761276
+15096761277
+15096761278
+15096761279
+15096761280
+15096761281
+15096761282
+15096761283
+15096761284
+15096761285
+15096761286
+15096761287
+15096761288
+15096761289
+15096761290
+15096761291
+15096761292
+15096761293
+15096761294
+15096761295
+15096761296
+15096761297
+15096761298
+15096761299
+15096761300
+15096761301
+15096761302
+15096761303
+15096761304
+15096761305
+15096761306
+15096761307
+15096761308
+15096761309
+15096761310
+15096761311
+15096761312
+15096761313
+15096761314
+15096761315
+15096761316
+15096761317
+15096761318
+15096761319
+15096761320
+15096761321
+15096761322
+15096761323
+15096761324
+15096761325
+15096761326
+15096761327
+15096761328
+15096761329
+15096761330
+15096761331
+15096761332
+15096761333
+15096761334
+15096761335
+15096761336
+15096761337
+15096761338
+15096761339
+15096761340
+15096761341
+15096761342
+15096761343
+15096761344
+15096761345
+15096761346
+15096761347
+15096761348
+15096761349
+15096761350
+15096761351
+15096761352
+15096761353
+15096761354
+15096761355
+15096761356
+15096761357
+15096761358
+15096761359
+15096761360
+15096761361
+15096761362
+15096761363
+15096761364
+15096761365
+15096761366
+15096761367
+15096761368
+15096761369
+15096761370
+15096761371
+15096761372
+15096761373
+15096761374
+15096761375
+15096761376
+15096761377
+15096761378
+15096761379
+15096761380
+15096761381
+15096761382
+15096761383
+15096761384
+15096761385
+15096761386
+15096761387
+15096761388
+15096761389
+15096761390
+15096761391
+15096761392
+15096761393
+15096761394
+15096761395
+15096761396
+15096761397
+15096761398
+15096761399
+15096761400
+15096761401
+15096761402
+15096761403
+15096761404
+15096761405
+15096761406
+15096761407
+15096761408
+15096761409
+15096761410
+15096761411
+15096761412
+15096761413
+15096761414
+15096761415
+15096761416
+15096761417
+15096761418
+15096761419
+15096761420
+15096761421
+15096761422
+15096761423
+15096761424
+15096761425
+15096761426
+15096761427
+15096761428
+15096761429
+15096761430
+15096761431
+15096761432
+15096761433
+15096761434
+15096761435
+15096761436
+15096761437
+15096761438
+15096761439
+15096761440
+15096761441
+15096761442
+15096761443
+15096761444
+15096761445
+15096761446
+15096761447
+15096761448
+15096761449
+15096761450
+15096761451
+15096761452
+15096761453
+15096761454
+15096761455
+15096761456
+15096761457
+15096761458
+15096761459
+15096761460
+15096761461
+15096761462
+15096761463
+15096761464
+15096761465
+15096761466
+15096761467
+15096761468
+15096761469
+15096761470
+15096761471
+15096761472
+15096761473
+15096761474
+15096761475
+15096761476
+15096761477
+15096761478
+15096761479
+15096761480
+15096761481
+15096761482
+15096761483
+15096761484
+15096761485
+15096761486
+15096761487
+15096761488
+15096761489
+15096761490
+15096761491
+15096761492
+15096761493
+15096761494
+15096761495
+15096761496
+15096761497
+15096761498
+15096761499
+15096761500
+15096761501
+15096761502
+15096761503
+15096761504
+15096761505
+15096761506
+15096761507
+15096761508
+15096761509
+15096761510
+15096761511
+15096761512
+15096761513
+15096761514
+15096761515
+15096761516
+15096761517
+15096761518
+15096761519
+15096761520
+15096761521
+15096761522
+15096761523
+15096761524
+15096761525
+15096761526
+15096761527
+15096761528
+15096761529
+15096761530
+15096761531
+15096761532
+15096761533
+15096761534
+15096761535
+15096761536
+15096761537
+15096761538
+15096761539
+15096761540
+15096761541
+15096761542
+15096761543
+15096761544
+15096761545
+15096761546
+15096761547
+15096761548
+15096761549
+15096761550
+15096761551
+15096761552
+15096761553
+15096761554
+15096761555
+15096761556
+15096761557
+15096761558
+15096761559
+15096761560
+15096761561
+15096761562
+15096761563
+15096761564
+15096761565
+15096761566
+15096761567
+15096761568
+15096761569
+15096761570
+15096761571
+15096761572
+15096761573
+15096761574
+15096761575
+15096761576
+15096761577
+15096761578
+15096761579
+15096761580
+15096761581
+15096761582
+15096761583
+15096761584
+15096761585
+15096761586
+15096761587
+15096761588
+15096761589
+15096761590
+15096761591
+15096761592
+15096761593
+15096761594
+15096761595
+15096761596
+15096761597
+15096761598
+15096761599
+15096761600
+15096761601
+15096761602
+15096761603
+15096761604
+15096761605
+15096761606
+15096761607
+15096761608
+15096761609
+15096761610
+15096761611
+15096761612
+15096761613
+15096761614
+15096761615
+15096761616
+15096761617
+15096761618
+15096761619
+15096761620
+15096761621
+15096761622
+15096761623
+15096761624
+15096761625
+15096761626
+15096761627
+15096761628
+15096761629
+15096761630
+15096761631
+15096761632
+15096761633
+15096761634
+15096761635
+15096761636
+15096761637
+15096761638
+15096761639
+15096761640
+15096761641
+15096761642
+15096761643
+15096761644
+15096761645
+15096761646
+15096761647
+15096761648
+15096761649
+15096761650
+15096761651
+15096761652
+15096761653
+15096761654
+15096761655
+15096761656
+15096761657
+15096761658
+15096761659
+15096761660
+15096761661
+15096761662
+15096761663
+15096761664
+15096761665
+15096761666
+15096761667
+15096761668
+15096761669
+15096761670
+15096761671
+15096761672
+15096761673
+15096761674
+15096761675
+15096761676
+15096761677
+15096761678
+15096761679
+15096761680
+15096761681
+15096761682
+15096761683
+15096761684
+15096761685
+15096761686
+15096761687
+15096761688
+15096761689
+15096761690
+15096761691
+15096761692
+15096761693
+15096761694
+15096761695
+15096761696
+15096761697
+15096761698
+15096761699
+15096761700
+15096761701
+15096761702
+15096761703
+15096761704
+15096761705
+15096761706
+15096761707
+15096761708
+15096761709
+15096761710
+15096761711
+15096761712
+15096761713
+15096761714
+15096761715
+15096761716
+15096761717
+15096761718
+15096761719
+15096761720
+15096761721
+15096761722
+15096761723
+15096761724
+15096761725
+15096761726
+15096761727
+15096761728
+15096761729
+15096761730
+15096761731
+15096761732
+15096761733
+15096761734
+15096761735
+15096761736
+15096761737
+15096761738
+15096761739
+15096761740
+15096761741
+15096761742
+15096761743
+15096761744
+15096761745
+15096761746
+15096761747
+15096761748
+15096761749
+15096761750
+15096761751
+15096761752
+15096761753
+15096761754
+15096761755
+15096761756
+15096761757
+15096761758
+15096761759
+15096761760
+15096761761
+15096761762
+15096761763
+15096761764
+15096761765
+15096761766
+15096761767
+15096761768
+15096761769
+15096761770
+15096761771
+15096761772
+15096761773
+15096761774
+15096761775
+15096761776
+15096761777
+15096761778
+15096761779
+15096761780
+15096761781
+15096761782
+15096761783
+15096761784
+15096761785
+15096761786
+15096761787
+15096761788
+15096761789
+15096761790
+15096761791
+15096761792
+15096761793
+15096761794
+15096761795
+15096761796
+15096761797
+15096761798
+15096761799
+15096761800
+15096761801
+15096761802
+15096761803
+15096761804
+15096761805
+15096761806
+15096761807
+15096761808
+15096761809
+15096761810
+15096761811
+15096761812
+15096761813
+15096761814
+15096761815
+15096761816
+15096761817
+15096761818
+15096761819
+15096761820
+15096761821
+15096761822
+15096761823
+15096761824
+15096761825
+15096761826
+15096761827
+15096761828
+15096761829
+15096761830
+15096761831
+15096761832
+15096761833
+15096761834
+15096761835
+15096761836
+15096761837
+15096761838
+15096761839
+15096761840
+15096761841
+15096761842
+15096761843
+15096761844
+15096761845
+15096761846
+15096761847
+15096761848
+15096761849
+15096761850
+15096761851
+15096761852
+15096761853
+15096761854
+15096761855
+15096761856
+15096761857
+15096761858
+15096761859
+15096761860
+15096761861
+15096761862
+15096761863
+15096761864
+15096761865
+15096761866
+15096761867
+15096761868
+15096761869
+15096761870
+15096761871
+15096761872
+15096761873
+15096761874
+15096761875
+15096761876
+15096761877
+15096761878
+15096761879
+15096761880
+15096761881
+15096761882
+15096761883
+15096761884
+15096761885
+15096761886
+15096761887
+15096761888
+15096761889
+15096761890
+15096761891
+15096761892
+15096761893
+15096761894
+15096761895
+15096761896
+15096761897
+15096761898
+15096761899
+15096761926
+15098325939
+15098765000
+15098765001
+15098765002
+15098765003
+15098765004
+15098765005
+15098765006
+15098765007
+15098765008
+15098765009
+15098765010
+15098765011
+15098765012
+15098765013
+15098765014
+15098765015
+15098765016
+15098765017
+15098765019
+15098765020
+15098765021
+15098765022
+15098765023
+15098765024
+15098765025
+15098765026
+15098765027
+15098765028
+15098765029
+15098765031
+15098765032
+15098765033
+15098765034
+15098765035
+15098765036
+15098765037
+15098765038
+15098765039
+15098765040
+15098765042
+15098765043
+15098765044
+15098765045
+15098765046
+15098765047
+15098765048
+15098765049
+15098765051
+15098765052
+15098765053
+15098765054
+15098765055
+15098765056
+15098765057
+15098765059
+15098765060
+15098765061
+15098765062
+15098765063
+15098765064
+15098765065
+15098765066
+15098765067
+15098765068
+15098765069
+15098765072
+15098765073
+15098765075
+15098765076
+15098765077
+15098765078
+15098765079
+15098765080
+15098765081
+15098765082
+15098765083
+15098765084
+15098765085
+15098765086
+15098765087
+15098765088
+15098765089
+15098765090
+15098765091
+15098765092
+15098765093
+15098765094
+15098765095
+15098765096
+15098765097
+15098765098
+15098765099
+15098765100
+15098765101
+15098765102
+15098765103
+15098765104
+15098765105
+15098765106
+15098765107
+15098765108
+15098765109
+15098765111
+15098765112
+15098765113
+15098765114
+15098765115
+15098765116
+15098765117
+15098765118
+15098765119
+15098765120
+15098765121
+15098765122
+15098765123
+15098765124
+15098765125
+15098765126
+15098765128
+15098765129
+15098765131
+15098765132
+15098765133
+15098765134
+15098765135
+15098765136
+15098765137
+15098765138
+15098765139
+15098765140
+15098765141
+15098765142
+15098765143
+15098765145
+15098765146
+15098765147
+15098765148
+15098765149
+15098765151
+15098765152
+15098765153
+15098765154
+15098765156
+15098765157
+15098765158
+15098765159
+15098765160
+15098765161
+15098765162
+15098765163
+15098765164
+15098765165
+15098765167
+15098765168
+15098765169
+15098765172
+15098765173
+15098765174
+15098765176
+15098765177
+15098765178
+15098765179
+15098765180
+15098765181
+15098765182
+15098765183
+15098765184
+15098765185
+15098765187
+15098765188
+15098765189
+15098765191
+15098765192
+15098765193
+15098765194
+15098765195
+15098765196
+15098765197
+15098765198
+15098765200
+15098765201
+15098765202
+15098765203
+15098765205
+15098765206
+15098765207
+15098765208
+15098765209
+15098765211
+15098765212
+15098765213
+15098765214
+15098765215
+15098765216
+15098765217
+15098765218
+15098765220
+15098765221
+15098765222
+15098765223
+15098765224
+15098765225
+15098765226
+15098765227
+15098765228
+15098765229
+15098765230
+15098765231
+15098765232
+15098765233
+15098765234
+15098765235
+15098765236
+15098765237
+15098765238
+15098765239
+15098765240
+15098765241
+15098765242
+15098765243
+15098765244
+15098765245
+15098765246
+15098765247
+15098765248
+15098765249
+15098765250
+15098765251
+15098765252
+15098765253
+15098765254
+15098765255
+15098765256
+15098765257
+15098765258
+15098765259
+15098765260
+15098765261
+15098765262
+15098765263
+15098765264
+15098765265
+15098765266
+15098765267
+15098765268
+15098765269
+15098765270
+15098765271
+15098765272
+15098765273
+15098765274
+15098765275
+15098765276
+15098765277
+15098765278
+15098765279
+15098765280
+15098765281
+15098765282
+15098765283
+15098765284
+15098765285
+15098765286
+15098765287
+15098765288
+15098765289
+15098765290
+15098765291
+15098765292
+15098765293
+15098765294
+15098765295
+15098765296
+15098765297
+15098765298
+15098765299
+15098765300
+15098765301
+15098765302
+15098765303
+15098765304
+15098765305
+15098765306
+15098765307
+15098765308
+15098765309
+15098765310
+15098765311
+15098765312
+15098765313
+15098765314
+15098765315
+15098765316
+15098765317
+15098765318
+15098765319
+15098765320
+15098765321
+15098765322
+15098765323
+15098765324
+15098765325
+15098765326
+15098765327
+15098765328
+15098765329
+15098765330
+15098765331
+15098765332
+15098765333
+15098765334
+15098765335
+15098765336
+15098765337
+15098765338
+15098765339
+15098765340
+15098765341
+15098765342
+15098765343
+15098765344
+15098765345
+15098765346
+15098765347
+15098765348
+15098765349
+15098765350
+15098765351
+15098765352
+15098765353
+15098765354
+15098765355
+15098765356
+15098765357
+15098765358
+15098765359
+15098765360
+15098765361
+15098765362
+15098765363
+15098765364
+15098765365
+15098765366
+15098765367
+15098765368
+15098765369
+15098765370
+15098765371
+15098765372
+15098765373
+15098765374
+15098765375
+15098765376
+15098765377
+15098765378
+15098765379
+15098765380
+15098765381
+15098765382
+15098765383
+15098765384
+15098765385
+15098765386
+15098765387
+15098765388
+15098765389
+15098765390
+15098765391
+15098765392
+15098765393
+15098765394
+15098765395
+15098765396
+15098765397
+15098765398
+15098765399
+15098765400
+15098765401
+15098765402
+15098765403
+15098765404
+15098765405
+15098765406
+15098765407
+15098765408
+15098765409
+15098765410
+15098765411
+15098765412
+15098765413
+15098765414
+15098765415
+15098765416
+15098765417
+15098765418
+15098765419
+15098765420
+15098765421
+15098765422
+15098765423
+15098765424
+15098765425
+15098765426
+15098765427
+15098765428
+15098765429
+15098765430
+15098765431
+15098765432
+15098765433
+15098765434
+15098765435
+15098765436
+15098765437
+15098765438
+15098765439
+15098765440
+15098765441
+15098765442
+15098765443
+15098765444
+15098765445
+15098765446
+15098765447
+15098765448
+15098765449
+15098765450
+15098765451
+15098765452
+15098765453
+15098765454
+15098765455
+15098765456
+15098765457
+15098765458
+15098765459
+15098765460
+15098765461
+15098765462
+15098765463
+15098765464
+15098765465
+15098765466
+15098765467
+15098765468
+15098765469
+15098765470
+15098765471
+15098765472
+15098765473
+15098765474
+15098765475
+15098765476
+15098765477
+15098765478
+15098765479
+15098765480
+15098765481
+15098765482
+15098765483
+15098765484
+15098765485
+15098765486
+15098765487
+15098765488
+15098765489
+15098765490
+15098765491
+15098765492
+15098765493
+15098765494
+15098765495
+15098765496
+15098765497
+15098765498
+15098765499
+15098765500
+15098765501
+15098765502
+15098765503
+15098765504
+15098765505
+15098765506
+15098765507
+15098765508
+15098765509
+15098765510
+15098765511
+15098765512
+15098765513
+15098765514
+15098765515
+15098765516
+15098765517
+15098765518
+15098765519
+15098765520
+15098765521
+15098765522
+15098765523
+15098765524
+15098765525
+15098765526
+15098765527
+15098765528
+15098765529
+15098765530
+15098765531
+15098765532
+15098765533
+15098765534
+15098765535
+15098765536
+15098765537
+15098765538
+15098765539
+15098765540
+15098765541
+15098765542
+15098765543
+15098765544
+15098765545
+15098765546
+15098765547
+15098765548
+15098765549
+15098765550
+15098765551
+15098765552
+15098765553
+15098765554
+15098765555
+15098765556
+15098765557
+15098765558
+15098765559
+15098765560
+15098765561
+15098765562
+15098765563
+15098765564
+15098765565
+15098765566
+15098765567
+15098765568
+15098765569
+15098765570
+15098765571
+15098765572
+15098765573
+15098765574
+15098765575
+15098765576
+15098765577
+15098765578
+15098765579
+15098765580
+15098765581
+15098765582
+15098765583
+15098765584
+15098765585
+15098765586
+15098765587
+15098765588
+15098765589
+15098765590
+15098765591
+15098765592
+15098765593
+15098765594
+15098765595
+15098765596
+15098765597
+15098765598
+15098765599
+15098765600
+15098765601
+15098765602
+15098765603
+15098765604
+15098765605
+15098765606
+15098765607
+15098765608
+15098765609
+15098765611
+15098765612
+15098765614
+15098765615
+15098765617
+15098765618
+15098765619
+15098765620
+15098765621
+15098765622
+15098765623
+15098765624
+15098765627
+15098765628
+15098765629
+15098765631
+15098765633
+15098765635
+15098765636
+15098765637
+15098765638
+15098765639
+15098765640
+15098765641
+15098765642
+15098765644
+15098765645
+15098765646
+15098765647
+15098765648
+15098765649
+15098765650
+15098765651
+15098765652
+15098765653
+15098765654
+15098765655
+15098765656
+15098765657
+15098765658
+15098765659
+15098765660
+15098765661
+15098765662
+15098765663
+15098765664
+15098765665
+15098765666
+15098765667
+15098765668
+15098765669
+15098765670
+15098765671
+15098765672
+15098765673
+15098765674
+15098765675
+15098765676
+15098765677
+15098765678
+15098765679
+15098765680
+15098765681
+15098765682
+15098765683
+15098765684
+15098765685
+15098765686
+15098765687
+15098765688
+15098765689
+15098765690
+15098765691
+15098765692
+15098765693
+15098765694
+15098765695
+15098765696
+15098765697
+15098765698
+15098765699
+15098765700
+15098765701
+15098765702
+15098765703
+15098765704
+15098765705
+15098765706
+15098765707
+15098765708
+15098765709
+15098765710
+15098765711
+15098765712
+15098765713
+15098765714
+15098765715
+15098765716
+15098765717
+15098765718
+15098765719
+15098765720
+15098765721
+15098765722
+15098765723
+15098765724
+15098765725
+15098765726
+15098765727
+15098765728
+15098765729
+15098765730
+15098765731
+15098765732
+15098765733
+15098765734
+15098765735
+15098765736
+15098765737
+15098765738
+15098765739
+15098765740
+15098765741
+15098765742
+15098765743
+15098765744
+15098765745
+15098765746
+15098765747
+15098765748
+15098765749
+15098765750
+15098765751
+15098765752
+15098765753
+15098765754
+15098765755
+15098765756
+15098765757
+15098765758
+15098765759
+15098765760
+15098765761
+15098765762
+15098765763
+15098765764
+15098765765
+15098765766
+15098765767
+15098765768
+15098765769
+15098765770
+15098765771
+15098765772
+15098765773
+15098765774
+15098765775
+15098765776
+15098765777
+15098765778
+15098765779
+15098765780
+15098765781
+15098765782
+15098765783
+15098765784
+15098765785
+15098765786
+15098765787
+15098765788
+15098765789
+15098765790
+15098765791
+15098765792
+15098765793
+15098765794
+15098765795
+15098765796
+15098765797
+15098765798
+15098765799
+15098765800
+15098765801
+15098765802
+15098765803
+15098765804
+15098765805
+15098765806
+15098765807
+15098765808
+15098765809
+15098765810
+15098765811
+15098765812
+15098765813
+15098765814
+15098765815
+15098765816
+15098765817
+15098765818
+15098765819
+15098765820
+15098765821
+15098765822
+15098765823
+15098765824
+15098765825
+15098765826
+15098765827
+15098765828
+15098765829
+15098765830
+15098765831
+15098765832
+15098765833
+15098765834
+15098765835
+15098765836
+15098765837
+15098765838
+15098765839
+15098765840
+15098765841
+15098765842
+15098765843
+15098765844
+15098765845
+15098765846
+15098765847
+15098765848
+15098765849
+15098765850
+15098765851
+15098765852
+15098765853
+15098765854
+15098765855
+15098765856
+15098765857
+15098765858
+15098765859
+15098765860
+15098765861
+15098765862
+15098765863
+15098765864
+15098765865
+15098765866
+15098765867
+15098765868
+15098765869
+15098765870
+15098765871
+15098765872
+15098765873
+15098765874
+15098765875
+15098765876
+15098765877
+15098765878
+15098765879
+15098765880
+15098765881
+15098765882
+15098765883
+15098765884
+15098765885
+15098765886
+15098765887
+15098765888
+15098765889
+15098765890
+15098765891
+15098765892
+15098765893
+15098765894
+15098765895
+15098765896
+15098765897
+15098765898
+15098765899
+15098765900
+15098765901
+15098765902
+15098765903
+15098765904
+15098765905
+15098765906
+15098765907
+15098765908
+15098765909
+15098765910
+15098765911
+15098765912
+15098765913
+15098765914
+15098765915
+15098765916
+15098765917
+15098765918
+15098765919
+15098765920
+15098765921
+15098765922
+15098765923
+15098765924
+15098765925
+15098765926
+15098765927
+15098765928
+15098765929
+15098765930
+15098765931
+15098765932
+15098765933
+15098765934
+15098765935
+15098765936
+15098765938
+15098765939
+15098765940
+15098765941
+15098765942
+15098765943
+15098765944
+15098765945
+15098765946
+15098765947
+15098765948
+15098765949
+15098765950
+15098765951
+15098765952
+15098765953
+15098765954
+15098765955
+15098765956
+15098765957
+15098765958
+15098765959
+15098765960
+15098765961
+15098765962
+15098765963
+15098765964
+15098765965
+15098765966
+15098765967
+15098765968
+15098765969
+15098765970
+15098765971
+15098765972
+15098765973
+15098765974
+15098765975
+15098765976
+15098765977
+15098765978
+15098765979
+15098765980
+15098765981
+15098765982
+15098765983
+15098765984
+15098765985
+15098765986
+15098765987
+15098765988
+15098765989
+15098765990
+15098765991
+15098765992
+15098765993
+15098765994
+15098765995
+15098765996
+15098765997
+15098955055
+15099311000
+15102141000
+15102148881
+15103425604
+15106541169
+15107891111
+15108178800
+15108590799
+15108591000
+15109243150
+15109243151
+15109823008
+15122508239
+15122585111
+15122929292
+15123513635
+15123663275
+15123738007
+15124366258
+15124627277
+15124741122
+15124930000
+15125204138
+15125683333
+15126921700
+15127013278
+15127357000
+15127363541
+15127706616
+15128327887
+15128959200
+15129869126
+15129990818
+15132522686
+15132522687
+15132764238
+15132764983
+15132770614
+15133225511
+15133682638
+15133860000
+15134213200
+15135876000
+15136992222
+15137661111
+15137730000
+15138305555
+15138786900
+15138983854
+15142272727
+15143131300
+15148402999
+15153053069
+15154189600
+15156000042
+15156578200
+15159745433
+15159850731
+15159850738
+15159850739
+15162791625
+15162791633
+15162791637
+15162791639
+15162791643
+15163031010
+15165010000
+15165597444
+15166205822
+15166205826
+15167800404
+15167800406
+15168887269
+15172375486
+15172375488
+15173181111
+15178263333
+15179137040
+15182123246
+15183095500
+15186253333
+15186499900
+15187086417
+15187086425
+15189156000
+15193421815
+15193426725
+15195134444
+15195611000
+15199363406
+15199366725
+15202023022
+15202024400
+15203822222
+15204478763
+15206180033
+15207770833
+15208290356
+15208294291
+15208299637
+15209182000
+15302309292
+15302309299
+15304641513
+15305442219
+15307601010
+15307671028
+15308794848
+15309619500
+15392028823
+15402049600
+15405538500
+15412425000
+15412551400
+15417872900
+15512630080
+15551234560
+15551234561
+15551234562
+15551234563
+15551234564
+15551234565
+15551234566
+15551234567
+15551234568
+15551234569
+15593802100
+15594375464
+15594375466
+15594406044
+15594406759
+15594513140
+15594513171
+15594714011
+15594732655
+15594774796
+15595496876
+15612539444
+15612821111
+15612829677
+15612831313
+15612832951
+15613256832
+15615570088
+15616798267
+15616934803
+15618058888
+15619092121
+15619623100
+15619623600
+15622394013
+15622610013
+15624533146
+15625062900
+15626211201
+15626840064
+15626840069
+15632099900
+15635644500
+15672882308
+15703093900
+15705584411
+15706060500
+15735529609
+15736589500
+15738183500
+15742221818
+15743077000
+15749680000
+15752081549
+15752087610
+15756801118
+15756802856
+15803547500
+15803547777
+15853335006
+15853337044
+15853337046
+15854106718
+15855074933
+15856721000
+15857976900
+15863628181
+15865404004
+15866931111
+15867651674
+15868192020
+16013594185
+16013596050
+16013596294
+16017097074
+16017097079
+16017097082
+16017182200
+16017183030
+16022537126
+16022665869
+16022750015
+16022757171
+16022821111
+16022886666
+16023061130
+16023344990
+16023572217
+16024413100
+16024413101
+16024413102
+16024577922
+16024823633
+16027141704
+16027141705
+16027373332
+16028848229
+16029435859
+16032386255
+16032634400
+16032969107
+16033464070
+16033694254
+16033694257
+16034132000
+16035739900
+16037246006
+16039452768
+16046299100
+16046299999
+16046386490
+16046390606
+16052211771
+16052993333
+16054170000
+16054753350
+16054753366
+16054753401
+16054753410
+16054753414
+16054755303
+16054756964
+16054773018
+16054773019
+16054773825
+16056090195
+16056092000
+16056153000
+16056153001
+16056153002
+16056153003
+16056153004
+16056153005
+16056153006
+16056153007
+16056153008
+16056153009
+16056153010
+16056153011
+16056153012
+16056153013
+16056153014
+16056153015
+16056153016
+16056153017
+16056153018
+16056153019
+16056153020
+16056153021
+16056153022
+16056153023
+16056153024
+16056153025
+16056153026
+16056153027
+16056153028
+16056153029
+16056153030
+16056153031
+16056153032
+16056153033
+16056153034
+16056153035
+16056153036
+16056153037
+16056153038
+16056153039
+16056153040
+16056153041
+16056153042
+16056153043
+16056153044
+16056153045
+16056153046
+16056153047
+16056153048
+16056153049
+16056153050
+16056153051
+16056153052
+16056153053
+16056153054
+16056153055
+16056153056
+16056153057
+16056153058
+16056153059
+16056153060
+16056153061
+16056153062
+16056153063
+16056153064
+16056153065
+16056153066
+16056153067
+16056153068
+16056153069
+16056153070
+16056153071
+16056153072
+16056153073
+16056153074
+16056153075
+16056153076
+16056153077
+16056153078
+16056153079
+16056153081
+16056153082
+16056153083
+16056153084
+16056153085
+16056153086
+16056153087
+16056153088
+16056153089
+16056153090
+16056153091
+16056153092
+16056153093
+16056153094
+16056153095
+16056153096
+16056153097
+16056153098
+16056153100
+16056153101
+16056153102
+16056153103
+16056153104
+16056153105
+16056153106
+16056153107
+16056153108
+16056153109
+16056153110
+16056153111
+16056153112
+16056153113
+16056153114
+16056153115
+16056153116
+16056153117
+16056153118
+16056153119
+16056153120
+16056153121
+16056153122
+16056153123
+16056153124
+16056153125
+16056153126
+16056153127
+16056153128
+16056153129
+16056153130
+16056153131
+16056153132
+16056153133
+16056153134
+16056153135
+16056153136
+16056153137
+16056153138
+16056153139
+16056153140
+16056153141
+16056153142
+16056153143
+16056153144
+16056153145
+16056153146
+16056153147
+16056153148
+16056153149
+16056153150
+16056153151
+16056153152
+16056153153
+16056153154
+16056153155
+16056153156
+16056153157
+16056153158
+16056153159
+16056153160
+16056153161
+16056153162
+16056153163
+16056153164
+16056153165
+16056153166
+16056153167
+16056153168
+16056153169
+16056153170
+16056153171
+16056153172
+16056153173
+16056153174
+16056153175
+16056153176
+16056153177
+16056153178
+16056153179
+16056153180
+16056153181
+16056153182
+16056153183
+16056153184
+16056153185
+16056153186
+16056153187
+16056153188
+16056153189
+16056153190
+16056153191
+16056153192
+16056153193
+16056153194
+16056153195
+16056153196
+16056153197
+16056153198
+16056153199
+16056155600
+16056155601
+16056155602
+16056155603
+16056155604
+16056155605
+16056155606
+16056155607
+16056155608
+16056155609
+16056155610
+16056155611
+16056155612
+16056155613
+16056155614
+16056155615
+16056155616
+16056155617
+16056155618
+16056155619
+16056155620
+16056155621
+16056155622
+16056155623
+16056155624
+16056155625
+16056155626
+16056155627
+16056155628
+16056155629
+16056155630
+16056155631
+16056155632
+16056155633
+16056155634
+16056155635
+16056155636
+16056155637
+16056155638
+16056155639
+16056155640
+16056155641
+16056155642
+16056155643
+16056155644
+16056155645
+16056155646
+16056155647
+16056155648
+16056155649
+16056155650
+16056155651
+16056155652
+16056155653
+16056155654
+16056155655
+16056155656
+16056155657
+16056155658
+16056155659
+16056155660
+16056155661
+16056155662
+16056155663
+16056155664
+16056155665
+16056155666
+16056155667
+16056155668
+16056155669
+16056155670
+16056155671
+16056155672
+16056155673
+16056155674
+16056155675
+16056155676
+16056155677
+16056155678
+16056155679
+16056155680
+16056155681
+16056155682
+16056155683
+16056155684
+16056155685
+16056155686
+16056155687
+16056155688
+16056155689
+16056155690
+16056155691
+16056155692
+16056155693
+16056155694
+16056155695
+16056155696
+16056155697
+16056155698
+16056155699
+16056155700
+16056156994
+16056158150
+16057814104
+16058773700
+16065473600
+16067449400
+16072255825
+16073302222
+16074282700
+16074722020
+16082681975
+16082681977
+16082681981
+16082688996
+16083275555
+16086155688
+16088073500
+16093103333
+16093372722
+16098408888
+16098473333
+16098580055
+16098582613
+16102342400
+16102344444
+16105485555
+16106888855
+16107949788
+16122356055
+16122464256
+16122464368
+16122593333
+16122841699
+16123210488
+16123337652
+16123338130
+16123392271
+16125214144
+16125681200
+16125947688
+16126070101
+16126720556
+16128216464
+16132324444
+16133442161
+16136883830
+16143241000
+16143644361
+16143693293
+16143889784
+16144057777
+16144077217
+16144295700
+16145697704
+16146075050
+16147501111
+16149301111
+16149306380
+16149306387
+16149306405
+16152386666
+16153014900
+16154324544
+16154324549
+16157751004
+16157751234
+16158237000
+16158665274
+16158665276
+16159253333
+16159334769
+16162221800
+16162262727
+16162289339
+16165887006
+16165887013
+16165887014
+16165887777
+16167238208
+16168284092
+16169200544
+16172132636
+16172255739
+16172255825
+16172367900
+16172455300
+16172667171
+16172669888
+16173191555
+16173380183
+16173388838
+16173389999
+16174018500
+16174261979
+16174268880
+16174511818
+16174530775
+16174826800
+16175816364
+16175816366
+16176039000
+16176391224
+16176427388
+16176519200
+16176519201
+16176519202
+16176549049
+16176570398
+16176589077
+16177287888
+16177787207
+16177926304
+16178186956
+16178187488
+16178595858
+16178598838
+16178612424
+16182123333
+16182152952
+16182157500
+16192600700
+16192803333
+16192840888
+16192918445
+16193124118
+16193309506
+16193421111
+16193427846
+16194842656
+16195280758
+16196314484
+16196771064
+16197394605
+16197394607
+16198354402
+16198631669
+16198811500
+16198822758
+16199664268
+16199779271
+16205434765
+16208053500
+16209213333
+16232556181
+16234655959
+16237341500
+16262624248
+16265001288
+16265935209
+16266046006
+16266390707
+16266983333
+16267200404
+16282134346
+16282767425
+16284444298
+16289466428
+16292307510
+16303039924
+16305639900
+16305664000
+16305922222
+16307084444
+16307574000
+16308830704
+16308834889
+16315362400
+16316199300
+16319985698
+16363395449
+16368660808
+16368662200
+16368662222
+16402255726
+16452057170
+16462174643
+16463914086
+16464033191
+16464231045
+16464233467
+16465020044
+16465075179
+16465075500
+16465075566
+16465075577
+16465788622
+16502836921
+16503346658
+16503525800
+16505236767
+16505790350
+16507299536
+16507521515
+16508703838
+16509635400
+16512366000
+16513566450
+16514200331
+16514207846
+16516661990
+16516919090
+16518293200
+16572591034
+16576866101
+16605303333
+16605303500
+16612157444
+16612190057
+16612339129
+16612443232
+16614671165
+16614790001
+16615041822
+16616741033
+16617705300
+16618467777
+16624703000
+16624703030
+16674440620
+16679309226
+16782123333
+16782222222
+16782444444
+16782620000
+16783224886
+16783670173
+16783811552
+16785282222
+16785862400
+16786081472
+16787740218
+16787814535
+16788608780
+16788944842
+16803567118
+16822336500
+16823175252
+16823175555
+16829901075
+17013177948
+17013177965
+17013357007
+17013537235
+17013537240
+17014150728
+17014250005
+17015400030
+17015579400
+17015579700
+17015579999
+17018090999
+17022135666
+17022163434
+17022215665
+17022471101
+17022528513
+17023304099
+17023678002
+17023834993
+17024337577
+17024433732
+17024516661
+17024628881
+17024760881
+17024929921
+17024972936
+17025222000
+17025222001
+17025222002
+17025605700
+17025799737
+17026059999
+17026178033
+17026437982
+17026478889
+17026509191
+17026589444
+17026999886
+17027082582
+17027143226
+17027314295
+17027315655
+17027324656
+17027708000
+17027891330
+17027917111
+17027980144
+17028249400
+17028929315
+17028933977
+17029325388
+17029492929
+17029662200
+17029791735
+17029793529
+17033504650
+17034247500
+17034549999
+17035640666
+17035749000
+17035847830
+17037437979
+17037917200
+17038227906
+17038290608
+17038318000
+17039729595
+17042371900
+17042559995
+17042768140
+17047141515
+17047147777
+17048374115
+17048374127
+17049001300
+17049430069
+17049693000
+17049728888
+17054080080
+17054134071
+17054580122
+17056716000
+17064195700
+17064195715
+17064195716
+17064195717
+17064195726
+17064195727
+17064195730
+17064195733
+17064195737
+17064195763
+17064195767
+17064195768
+17064330808
+17064340106
+17064783251
+17065240009
+17065837979
+17067283700
+17069089980
+17072969020
+17075084008
+17075839000
+17075965500
+17076389200
+17076561010
+17083293333
+17084416666
+17085364100
+17087756915
+17089678868
+17122129500
+17122129700
+17123388889
+17123388890
+17124290400
+17124290404
+17124290405
+17124290406
+17124290408
+17124290414
+17124290417
+17124321759
+17124321850
+17124321859
+17124322000
+17124322001
+17124322004
+17124322008
+17124322022
+17124322023
+17124322033
+17124322044
+17124322052
+17124322064
+17124322070
+17124322153
+17124322199
+17124322216
+17124322220
+17124322222
+17124322300
+17124323100
+17124323300
+17124323500
+17124323501
+17124323520
+17124323522
+17124323523
+17124323526
+17124323547
+17124323623
+17124323636
+17124323650
+17124323680
+17124323689
+17124323701
+17124323702
+17124323705
+17124323707
+17124323708
+17124323710
+17124323711
+17124323712
+17124323713
+17124323714
+17124323718
+17124323751
+17124323771
+17124323772
+17124323773
+17124323774
+17124323775
+17124323776
+17124323777
+17124323778
+17124323779
+17124323780
+17124323781
+17124323782
+17124323783
+17124323784
+17124323785
+17124323786
+17124323787
+17124323788
+17124323789
+17124323790
+17124323791
+17124323792
+17124323793
+17124323794
+17124323795
+17124323796
+17124323797
+17124323798
+17124323799
+17124323800
+17124323801
+17124323802
+17124323805
+17124324000
+17124324001
+17124324002
+17124324003
+17124324004
+17124324005
+17124324006
+17124324007
+17124324008
+17124324009
+17124324020
+17124324021
+17124324022
+17124324023
+17124324024
+17124324025
+17124324026
+17124324027
+17124324028
+17124324029
+17124324030
+17124324031
+17124324032
+17124324033
+17124324034
+17124324035
+17124324036
+17124324037
+17124324038
+17124324039
+17124324040
+17124324041
+17124324042
+17124324043
+17124324044
+17124324045
+17124324046
+17124324047
+17124324048
+17124324049
+17124324050
+17124324051
+17124324052
+17124324054
+17124324055
+17124324057
+17124324059
+17124324060
+17124324061
+17124324062
+17124324063
+17124324064
+17124324065
+17124324066
+17124324067
+17124324068
+17124324069
+17124324070
+17124324071
+17124324072
+17124324073
+17124324074
+17124324080
+17124324081
+17124324082
+17124324083
+17124324084
+17124324085
+17124324086
+17124324087
+17124324088
+17124324089
+17124324090
+17124324091
+17124324092
+17124324093
+17124324094
+17124324095
+17124324096
+17124324097
+17124324098
+17124324099
+17124324800
+17124324801
+17124324802
+17124324803
+17124324804
+17124324805
+17124324806
+17124324807
+17124324808
+17124324809
+17124324810
+17124324811
+17124324812
+17124324813
+17124324814
+17124324815
+17124324816
+17124324817
+17124324818
+17124324819
+17124324820
+17124324821
+17124324822
+17124324823
+17124324824
+17124324825
+17124324826
+17124324827
+17124324828
+17124324829
+17124324830
+17124324831
+17124324833
+17124324834
+17124324835
+17124324836
+17124324837
+17124324838
+17124324839
+17124324840
+17124324841
+17124324842
+17124324843
+17124324844
+17124324845
+17124324846
+17124324847
+17124324848
+17124324849
+17124324850
+17124324851
+17124324852
+17124324853
+17124324854
+17124324855
+17124324856
+17124324857
+17124324858
+17124324859
+17124324860
+17124324861
+17124324862
+17124324863
+17124324864
+17124324865
+17124324866
+17124324867
+17124324868
+17124324869
+17124324870
+17124324871
+17124324872
+17124324873
+17124324874
+17124324875
+17124324876
+17124324877
+17124324878
+17124324879
+17124324880
+17124324881
+17124324882
+17124325100
+17124325101
+17124325102
+17124325103
+17124325104
+17124325105
+17124325106
+17124325107
+17124325108
+17124325109
+17124325110
+17124325111
+17124325112
+17124325113
+17124325114
+17124325115
+17124325116
+17124325117
+17124325118
+17124325119
+17124325120
+17124325121
+17124325122
+17124325123
+17124325124
+17124325125
+17124325126
+17124325127
+17124325128
+17124325129
+17124325130
+17124325131
+17124325132
+17124325133
+17124325134
+17124325135
+17124325136
+17124325137
+17124325138
+17124325139
+17124325140
+17124325141
+17124325142
+17124325143
+17124325144
+17124325145
+17124325146
+17124325147
+17124325148
+17124325149
+17124325150
+17124325151
+17124325152
+17124325153
+17124325154
+17124325155
+17124325156
+17124325157
+17124325158
+17124325159
+17124325160
+17124325161
+17124325162
+17124325163
+17124325164
+17124325165
+17124325166
+17124325167
+17124325168
+17124325169
+17124325170
+17124325171
+17124325172
+17124325173
+17124325174
+17124325175
+17124325176
+17124325177
+17124325178
+17124325179
+17124325180
+17124325181
+17124325182
+17124325183
+17124325184
+17124325185
+17124325186
+17124325187
+17124325188
+17124325189
+17124325190
+17124325191
+17124325192
+17124325193
+17124325194
+17124325195
+17124325196
+17124325197
+17124325198
+17124325199
+17124325650
+17124325700
+17124325904
+17124325905
+17124325940
+17124325949
+17124325951
+17124325953
+17124325991
+17124325999
+17124326855
+17124326969
+17124327411
+17124327412
+17124327413
+17124327414
+17124327418
+17124327419
+17124327423
+17124327440
+17124327441
+17124327444
+17124327456
+17124327463
+17124327475
+17124327477
+17124327495
+17124328788
+17129410104
+17129410105
+17129419508
+17129452301
+17129452313
+17129452321
+17129452327
+17132426555
+17133003300
+17133469300
+17133578100
+17133578101
+17133578102
+17134502914
+17134540340
+17134554424
+17134621700
+17135229339
+17135288116
+17135329990
+17135389201
+17135745255
+17135899299
+17135902222
+17135959966
+17136296200
+17136594998
+17136666906
+17136708438
+17136926403
+17137781440
+17137800930
+17137801827
+17137811122
+17137845900
+17137850444
+17138741841
+17139347725
+17139377772
+17139446445
+17139520799
+17139742100
+17142430303
+17142668800
+17142668801
+17142668802
+17143803113
+17144184789
+17144184905
+17144646755
+17145168080
+17145405882
+17146271100
+17146394673
+17146894797
+17147829696
+17149898980
+17157379400
+17157379500
+17162001245
+17162352350
+17162623535
+17163131262
+17164025820
+17165878585
+17167017200
+17168058500
+17168980093
+17168980094
+17169666014
+17172605555
+17174315500
+17182084675
+17182101010
+17182301000
+17182800000
+17182801000
+17182801111
+17182805900
+17182805910
+17182805914
+17183032517
+17183032519
+17183259711
+17183331300
+17183403764
+17183403765
+17183668879
+17185214585
+17185214593
+17185214594
+17185983840
+17186026118
+17186184977
+17186638500
+17186638566
+17186736666
+17186907445
+17187021919
+17187154629
+17187772222
+17187821234
+17188934466
+17192083333
+17192422108
+17192422109
+17192422111
+17193258700
+17193594201
+17193594700
+17193595073
+17194574172
+17194577300
+17196457136
+17197854444
+17197859962
+17202143737
+17202590311
+17202599043
+17202615403
+17202623150
+17202785000
+17202825493
+17202857888
+17203473264
+17203796062
+17203856775
+17204314331
+17204458542
+17204458548
+17204525171
+17205156668
+17205354298
+17205409333
+17205895826
+17206714631
+17208978841
+17209292222
+17242074040
+17243823333
+17245621015
+17272132121
+17272394749
+17272523000
+17273303614
+17274311000
+17274712111
+17274754066
+17275650149
+17275654718
+17312563600
+17318823500
+17321234567
+17322201020
+17322345700
+17323850968
+17325520280
+17325520281
+17325520285
+17325520295
+17325520299
+17325929380
+17326316969
+17326783030
+17326787400
+17326787411
+17326787423
+17326787444
+17326787447
+17327301234
+17327552534
+17328357444
+17329084444
+17345277015
+17345277700
+17345857777
+17346387777
+17347863333
+17349564600
+17372043088
+17372755656
+17409908888
+17409909090
+17432560010
+17435448102
+17484643457
+17542053070
+17543644016
+17543646607
+17572019339
+17572152980
+17572711000
+17572711234
+17572924444
+17573100178
+17573194816
+17573729596
+17573729633
+17574195625
+17574473335
+17574473348
+17574473381
+17574476002
+17574479900
+17578217777
+17602590200
+17603136408
+17603322626
+17604590080
+17604591221
+17605070008
+17605099400
+17605171111
+17606790028
+17606795100
+17607059700
+17607098887
+17607100394
+17607102020
+17608412011
+17609046700
+17633900000
+17634634789
+17634638888
+17635672525
+17638985555
+17652032500
+17652735788
+17655584000
+17655870119
+17655871000
+17656703030
+17692353225
+17703082222
+17703966611
+17704575298
+17704575800
+17722243400
+17732520360
+17733539294
+17733625133
+17733625134
+17733625135
+17734094322
+17734530101
+17734631646
+17734684475
+17734788263
+17734964584
+17734964681
+17734964682
+17735272222
+17735690710
+17735984211
+17737334761
+17737334763
+17738081932
+17738477708
+17738479808
+17738883886
+17738969696
+17738969999
+17738975233
+17743143333
+17745453500
+17752469901
+17753253988
+17753351111
+17753604517
+17755000604
+17756245927
+17759961100
+17803573881
+17804137122
+17804902255
+17806692323
+17807624633
+17813736866
+17814523183
+17814794300
+17819264400
+17822227467
+17852902929
+17853385555
+17853389700
+17855581234
+17862723300
+17863199929
+17863627606
+17863627613
+17863627618
+17864194907
+17864194911
+17866363968
+17869168081
+18001575669
+18002007399
+18002007403
+18002015076
+18002016918
+18002035386
+18002039982
+18002057426
+18002074260
+18002078487
+18002089836
+18002094475
+18002098824
+18002101010
+18002102251
+18002104725
+18002107726
+18002110775
+18002114307
+18002114668
+18002116377
+18002118462
+18002119381
+18002119388
+18002122513
+18002122851
+18002122853
+18002122854
+18002122856
+18002122940
+18002122943
+18002123110
+18002138258
+18002142079
+18002143488
+18002145540
+18002158390
+18002166190
+18002169091
+18002193355
+18002194090
+18002207732
+18002208868
+18002213816
+18002222697
+18002223286
+18002223739
+18002223825
+18002224475
+18002226948
+18002227161
+18002227399
+18002228957
+18002230089
+18002231245
+18002232697
+18002232777
+18002233283
+18002234475
+18002235239
+18002235422
+18002235477
+18002235748
+18002238336
+18002238487
+18002238743
+18002239433
+18002247877
+18002252512
+18002255432
+18002255678
+18002255739
+18002257580
+18002258813
+18002259350
+18002263727
+18002264263
+18002264286
+18002264739
+18002264872
+18002269345
+18002272739
+18002273739
+18002275669
+18002278787
+18002281114
+18002282442
+18002282929
+18002283425
+18002283825
+18002284328
+18002285483
+18002285489
+18002286553
+18002286579
+18002286887
+18002287529
+18002294079
+18002294809
+18002300752
+18002301300
+18002318487
+18002328537
+18002328885
+18002329739
+18002334373
+18002336253
+18002340916
+18002346963
+18002352431
+18002352739
+18002372563
+18002373648
+18002373999
+18002374413
+18002374414
+18002374434
+18002378739
+18002378848
+18002385239
+18002385818
+18002385821
+18002385824
+18002385827
+18002385833
+18002385837
+18002385838
+18002385844
+18002385846
+18002385847
+18002385854
+18002385856
+18002385862
+18002385866
+18002385869
+18002385870
+18002385873
+18002385874
+18002385877
+18002385878
+18002385879
+18002385880
+18002385882
+18002385883
+18002385893
+18002385899
+18002386125
+18002386722
+18002387883
+18002388533
+18002389453
+18002391300
+18002392527
+18002392633
+18002392742
+18002392868
+18002393396
+18002393669
+18002393699
+18002394862
+18002405433
+18002411945
+18002421780
+18002422478
+18002422874
+18002422878
+18002423783
+18002424783
+18002425784
+18002427428
+18002427788
+18002428002
+18002428047
+18002428123
+18002428238
+18002428255
+18002428269
+18002428363
+18002428365
+18002428373
+18002428386
+18002428397
+18002428429
+18002428440
+18002428445
+18002428478
+18002428487
+18002428546
+18002428548
+18002428568
+18002428638
+18002428669
+18002428739
+18002428748
+18002428793
+18002428825
+18002428872
+18002428999
+18002433222
+18002437156
+18002438478
+18002440699
+18002442246
+18002442662
+18002442697
+18002442777
+18002442878
+18002442888
+18002443040
+18002443278
+18002443425
+18002443454
+18002443825
+18002444475
+18002445347
+18002445477
+18002445977
+18002448336
+18002448487
+18002448743
+18002449446
+18002457065
+18002464566
+18002467743
+18002473742
+18002474373
+18002482429
+18002482436
+18002482446
+18002482448
+18002482463
+18002482465
+18002483225
+18002493625
+18002499453
+18002499529
+18002499999
+18002502254
+18002502500
+18002502625
+18002502775
+18002504489
+18002510829
+18002516833
+18002517326
+18002518208
+18002518444
+18002518448
+18002518928
+18002520442
+18002521201
+18002522255
+18002522458
+18002522523
+18002522527
+18002522534
+18002522573
+18002522576
+18002522578
+18002522625
+18002522868
+18002527742
+18002535425
+18002535641
+18002537399
+18002542666
+18002547293
+18002548382
+18002556397
+18002562533
+18002569562
+18002569968
+18002573613
+18002575757
+18002578966
+18002582232
+18002586327
+18002594900
+18002595639
+18002597752
+18002606623
+18002608627
+18002625223
+18002625244
+18002625248
+18002625269
+18002625277
+18002625323
+18002625386
+18002625425
+18002625437
+18002625438
+18002625446
+18002625449
+18002625468
+18002625489
+18002625542
+18002625665
+18002625666
+18002625669
+18002625729
+18002625732
+18002625733
+18002625739
+18002625787
+18002625812
+18002625866
+18002625867
+18002625924
+18002625932
+18002625999
+18002628873
+18002633739
+18002634832
+18002638350
+18002638928
+18002639002
+18002639328
+18002639729
+18002642084
+18002642676
+18002642839
+18002642868
+18002643627
+18002645477
+18002645548
+18002645652
+18002646486
+18002654935
+18002658378
+18002660890
+18002661179
+18002661508
+18002662437
+18002662938
+18002663243
+18002663578
+18002663739
+18002666626
+18002667866
+18002667976
+18002674688
+18002683970
+18002684277
+18002687363
+18002692428
+18002693425
+18002694475
+18002695425
+18002697399
+18002697448
+18002697739
+18002705285
+18002730771
+18002732787
+18002741110
+18002741861
+18002742643
+18002742683
+18002742739
+18002743373
+18002743379
+18002744774
+18002747171
+18002747284
+18002747475
+18002747528
+18002747615
+18002747629
+18002747739
+18002748287
+18002748336
+18002748396
+18002748792
+18002756557
+18002757468
+18002764711
+18002768284
+18002768738
+18002772888
+18002773825
+18002774475
+18002774563
+18002774653
+18002775239
+18002775265
+18002775425
+18002775683
+18002775878
+18002776359
+18002777399
+18002777529
+18002777653
+18002778463
+18002778487
+18002779495
+18002781667
+18002784194
+18002784688
+18002785181
+18002788793
+18002790062
+18002795556
+18002804340
+18002812191
+18002812382
+18002817903
+18002827154
+18002828472
+18002835838
+18002836338
+18002836369
+18002836392
+18002836621
+18002836749
+18002836833
+18002837251
+18002838260
+18002838487
+18002846356
+18002846454
+18002847373
+18002847588
+18002847600
+18002848255
+18002848327
+18002848367
+18002848928
+18002848955
+18002849388
+18002861425
+18002862223
+18002862867
+18002863038
+18002863794
+18002864475
+18002864663
+18002866663
+18002868487
+18002868549
+18002868669
+18002872253
+18002873991
+18002880339
+18002882888
+18002883277
+18002883636
+18002883739
+18002883825
+18002883848
+18002886668
+18002887739
+18002888277
+18002888286
+18002888739
+18002888746
+18002892559
+18002897979
+18002898255
+18002905652
+18002906662
+18002907769
+18002907825
+18002907843
+18002907883
+18002908286
+18002908788
+18002908887
+18002909388
+18002912269
+18002924171
+18002937398
+18002945910
+18002947482
+18002952424
+18002966293
+18002968399
+18002969435
+18002969447
+18002971453
+18002972232
+18002972544
+18002976666
+18002979269
+18002979447
+18002979453
+18002979467
+18002979502
+18002980544
+18002980545
+18002980819
+18002981497
+18002981710
+18002984856
+18002986455
+18002999197
+18003007095
+18003007399
+18003039945
+18003046635
+18003046759
+18003052868
+18003053694
+18003053747
+18003054273
+18003054348
+18003054625
+18003054632
+18003054739
+18003055243
+18003055465
+18003055558
+18003055664
+18003055878
+18003061479
+18003061523
+18003062662
+18003062742
+18003062824
+18003063286
+18003063825
+18003064382
+18003064878
+18003065239
+18003065842
+18003066356
+18003066988
+18003067109
+18003071390
+18003072625
+18003072883
+18003074328
+18003078454
+18003092131
+18003096841
+18003099255
+18003099388
+18003108523
+18003130914
+18003133286
+18003133305
+18003133699
+18003135239
+18003135842
+18003136278
+18003136336
+18003141820
+18003144273
+18003145878
+18003146463
+18003146725
+18003146833
+18003147326
+18003147465
+18003154541
+18003161131
+18003174475
+18003184577
+18003194865
+18003197277
+18003202030
+18003202199
+18003205372
+18003205425
+18003207926
+18003213825
+18003215329
+18003217399
+18003218255
+18003223898
+18003240664
+18003244897
+18003248036
+18003254773
+18003257879
+18003264854
+18003268273
+18003268274
+18003268279
+18003268280
+18003268342
+18003275739
+18003278074
+18003278458
+18003278739
+18003279739
+18003282548
+18003282777
+18003282888
+18003283225
+18003283269
+18003283278
+18003283425
+18003283429
+18003283464
+18003283546
+18003283636
+18003283739
+18003283825
+18003284475
+18003285186
+18003285239
+18003285347
+18003285437
+18003285477
+18003286253
+18003286328
+18003286833
+18003286927
+18003286969
+18003286999
+18003287211
+18003287388
+18003287448
+18003287465
+18003287588
+18003287726
+18003287763
+18003287873
+18003287877
+18003287879
+18003287884
+18003288238
+18003288487
+18003288743
+18003288874
+18003289265
+18003289447
+18003289467
+18003289663
+18003289722
+18003289877
+18003292868
+18003294688
+18003294847
+18003296382
+18003296725
+18003297540
+18003306397
+18003307699
+18003321661
+18003325293
+18003325523
+18003332428
+18003332522
+18003332548
+18003333333
+18003333425
+18003333825
+18003334475
+18003335347
+18003335739
+18003335938
+18003337847
+18003338255
+18003342477
+18003345649
+18003367574
+18003372757
+18003375611
+18003377274
+18003378429
+18003379388
+18003379453
+18003379467
+18003381661
+18003382350
+18003382353
+18003382420
+18003382482
+18003382502
+18003382615
+18003382675
+18003382756
+18003382759
+18003383284
+18003383425
+18003384736
+18003384746
+18003384748
+18003389266
+18003389377
+18003389388
+18003389395
+18003389443
+18003389448
+18003389602
+18003389634
+18003389653
+18003389667
+18003392014
+18003400962
+18003410546
+18003423784
+18003425223
+18003425244
+18003425255
+18003425323
+18003425386
+18003425425
+18003425437
+18003425438
+18003425446
+18003425489
+18003425666
+18003425669
+18003425739
+18003425866
+18003425924
+18003425932
+18003425999
+18003426202
+18003426994
+18003428865
+18003431928
+18003435721
+18003440436
+18003440886
+18003445796
+18003446953
+18003453223
+18003453255
+18003453386
+18003453425
+18003453437
+18003453446
+18003453489
+18003453666
+18003453669
+18003453739
+18003453866
+18003453924
+18003453932
+18003453999
+18003456969
+18003457883
+18003462598
+18003463739
+18003473836
+18003473847
+18003477268
+18003477395
+18003477644
+18003478286
+18003478487
+18003478489
+18003478665
+18003478739
+18003478836
+18003478918
+18003478928
+18003478951
+18003479447
+18003479998
+18003480671
+18003482286
+18003484865
+18003484897
+18003494352
+18003502028
+18003512011
+18003518665
+18003522852
+18003532876
+18003547462
+18003547812
+18003547824
+18003547825
+18003547837
+18003547846
+18003547860
+18003547871
+18003547873
+18003551664
+18003557691
+18003558477
+18003558984
+18003569447
+18003570673
+18003571110
+18003571661
+18003572637
+18003572689
+18003572786
+18003572794
+18003573286
+18003573478
+18003573699
+18003573825
+18003574424
+18003574688
+18003574733
+18003574977
+18003575555
+18003576969
+18003577465
+18003577742
+18003577829
+18003577843
+18003577949
+18003578462
+18003588973
+18003597399
+18003600000
+18003609000
+18003611661
+18003614242
+18003619737
+18003622569
+18003629072
+18003644757
+18003646062
+18003647757
+18003657269
+18003661493
+18003666245
+18003666248
+18003666253
+18003666329
+18003666336
+18003666346
+18003666347
+18003666348
+18003666363
+18003666365
+18003666387
+18003666739
+18003668662
+18003672874
+18003676846
+18003678487
+18003678640
+18003679137
+18003679433
+18003679879
+18003684766
+18003690211
+18003690424
+18003691483
+18003692548
+18003692625
+18003692637
+18003693266
+18003693286
+18003693425
+18003693699
+18003693825
+18003694244
+18003696324
+18003701337
+18003717843
+18003718327
+18003718386
+18003719812
+18003728328
+18003729045
+18003733739
+18003733767
+18003733999
+18003736725
+18003744449
+18003746588
+18003752223
+18003758044
+18003764277
+18003764483
+18003766062
+18003766699
+18003766749
+18003766783
+18003767588
+18003767742
+18003768378
+18003768422
+18003768427
+18003768429
+18003768436
+18003768446
+18003768448
+18003768887
+18003768928
+18003769453
+18003769469
+18003776633
+18003783520
+18003784223
+18003785644
+18003785776
+18003786776
+18003788955
+18003797879
+18003799551
+18003808349
+18003815455
+18003822548
+18003824739
+18003825101
+18003825123
+18003825133
+18003825191
+18003825223
+18003825225
+18003825227
+18003825244
+18003825255
+18003825269
+18003825277
+18003825282
+18003825286
+18003825288
+18003825323
+18003825327
+18003825342
+18003825377
+18003825382
+18003825386
+18003825425
+18003825429
+18003825437
+18003825438
+18003825446
+18003825447
+18003825463
+18003825464
+18003825468
+18003825484
+18003825489
+18003825525
+18003825539
+18003825633
+18003825634
+18003825636
+18003825666
+18003825669
+18003825732
+18003825739
+18003825782
+18003825787
+18003825848
+18003825866
+18003825872
+18003825896
+18003825924
+18003825932
+18003825938
+18003825966
+18003825968
+18003825999
+18003833825
+18003833872
+18003834688
+18003834864
+18003835728
+18003836062
+18003838255
+18003839447
+18003850013
+18003851002
+18003851661
+18003854449
+18003855847
+18003857827
+18003859237
+18003861861
+18003862428
+18003862582
+18003863733
+18003863825
+18003864475
+18003865683
+18003867399
+18003868336
+18003868487
+18003868637
+18003869384
+18003876963
+18003901609
+18003906966
+18003919245
+18003921785
+18003922582
+18003924386
+18003924833
+18003927399
+18003930692
+18003930730
+18003932661
+18003933825
+18003934688
+18003934786
+18003934878
+18003934896
+18003935344
+18003935372
+18003937241
+18003938278
+18003938327
+18003938637
+18003938928
+18003939447
+18003939453
+18003941263
+18003942548
+18003942633
+18003942866
+18003943286
+18003964914
+18003965463
+18003968255
+18003976852
+18003979433
+18003982833
+18003985904
+18003986131
+18003987212
+18003988696
+18003990621
+18004001134
+18004003000
+18004003995
+18004006415
+18004006778
+18004020275
+18004021212
+18004027412
+18004036689
+18004038887
+18004042661
+18004044257
+18004044273
+18004044469
+18004044600
+18004044757
+18004044897
+18004045477
+18004045599
+18004047473
+18004047588
+18004047877
+18004048101
+18004048336
+18004048462
+18004049900
+18004051920
+18004052569
+18004054386
+18004054688
+18004055699
+18004058280
+18004060456
+18004064429
+18004071334
+18004071608
+18004074595
+18004076842
+18004078806
+18004080793
+18004085464
+18004087327
+18004102742
+18004103535
+18004106749
+18004113288
+18004114902
+18004116579
+18004117485
+18004117878
+18004122996
+18004133648
+18004133699
+18004133888
+18004134766
+18004135347
+18004135476
+18004136239
+18004136253
+18004136282
+18004136338
+18004136366
+18004139000
+18004146338
+18004168882
+18004173463
+18004175847
+18004179447
+18004184688
+18004193388
+18004203999
+18004212408
+18004217000
+18004217263
+18004217588
+18004217723
+18004217745
+18004217786
+18004218278
+18004218892
+18004218928
+18004222378
+18004223652
+18004224592
+18004225567
+18004227164
+18004232533
+18004242697
+18004255407
+18004260114
+18004263825
+18004263848
+18004264561
+18004264676
+18004272246
+18004273277
+18004273489
+18004273548
+18004273564
+18004273636
+18004273736
+18004273739
+18004273763
+18004273765
+18004275628
+18004283386
+18004283739
+18004291234
+18004291515
+18004292428
+18004292662
+18004292697
+18004293123
+18004293279
+18004293283
+18004293284
+18004293661
+18004293733
+18004293825
+18004293955
+18004294191
+18004294263
+18004294897
+18004295239
+18004295459
+18004295463
+18004295465
+18004295483
+18004295683
+18004296253
+18004296278
+18004297020
+18004297399
+18004297466
+18004297666
+18004298255
+18004298463
+18004298487
+18004299453
+18004300938
+18004306069
+18004308226
+18004308887
+18004309447
+18004312442
+18004312639
+18004312753
+18004312868
+18004313866
+18004314273
+18004314277
+18004314297
+18004318423
+18004318799
+18004319548
+18004324484
+18004326829
+18004328521
+18004329077
+18004332977
+18004337088
+18004337473
+18004338076
+18004341253
+18004345335
+18004348730
+18004354739
+18004360303
+18004363888
+18004367825
+18004370659
+18004370688
+18004371939
+18004372548
+18004372878
+18004374263
+18004379763
+18004382625
+18004382697
+18004383337
+18004383478
+18004383825
+18004384475
+18004385239
+18004385243
+18004385477
+18004385483
+18004385683
+18004386253
+18004386833
+18004387399
+18004387448
+18004387676
+18004389271
+18004389433
+18004401495
+18004404382
+18004404566
+18004404641
+18004404715
+18004404739
+18004404996
+18004405011
+18004405048
+18004405207
+18004405347
+18004408051
+18004411248
+18004411295
+18004411583
+18004413823
+18004416196
+18004427598
+18004438255
+18004439066
+18004440000
+18004442229
+18004442424
+18004442428
+18004442548
+18004442625
+18004443000
+18004444444
+18004444475
+18004444739
+18004445477
+18004445483
+18004445564
+18004447399
+18004447713
+18004447883
+18004450428
+18004457353
+18004468255
+18004468272
+18004468636
+18004468785
+18004469269
+18004469857
+18004469918
+18004471861
+18004472400
+18004472432
+18004472533
+18004472652
+18004473328
+18004475233
+18004475269
+18004475277
+18004475345
+18004475374
+18004475437
+18004475474
+18004475489
+18004475568
+18004475626
+18004475718
+18004475739
+18004483739
+18004484475
+18004484765
+18004487399
+18004488935
+18004492428
+18004492626
+18004496650
+18004499395
+18004503255
+18004507349
+18004513946
+18004524594
+18004525638
+18004526067
+18004529461
+18004533654
+18004547742
+18004548701
+18004557347
+18004557465
+18004557588
+18004557825
+18004557843
+18004557877
+18004557883
+18004558286
+18004558743
+18004558928
+18004580874
+18004589295
+18004592633
+18004603586
+18004609363
+18004612286
+18004616373
+18004628564
+18004630091
+18004633127
+18004637399
+18004637448
+18004637676
+18004638258
+18004646769
+18004646968
+18004646969
+18004651861
+18004653739
+18004660088
+18004663739
+18004663848
+18004665877
+18004669277
+18004669962
+18004672280
+18004672835
+18004676725
+18004676911
+18004676921
+18004676924
+18004676926
+18004676939
+18004676940
+18004676943
+18004676944
+18004676948
+18004676950
+18004676954
+18004676956
+18004676962
+18004676963
+18004676965
+18004676966
+18004676967
+18004676969
+18004676973
+18004676987
+18004676991
+18004677825
+18004677835
+18004677883
+18004678400
+18004678779
+18004678788
+18004678905
+18004679453
+18004681200
+18004681511
+18004682222
+18004682223
+18004682229
+18004682277
+18004682337
+18004682428
+18004682432
+18004682442
+18004682548
+18004682625
+18004682639
+18004682662
+18004682663
+18004682668
+18004682697
+18004682728
+18004682777
+18004682866
+18004682867
+18004682887
+18004682888
+18004683157
+18004683189
+18004683223
+18004683283
+18004683335
+18004683338
+18004683425
+18004683686
+18004683822
+18004683825
+18004683866
+18004684038
+18004684257
+18004684379
+18004684438
+18004684447
+18004684475
+18004684653
+18004684673
+18004684676
+18004684684
+18004684689
+18004684747
+18004684897
+18004685233
+18004685239
+18004685347
+18004685394
+18004685397
+18004685425
+18004685437
+18004685463
+18004685465
+18004685477
+18004685683
+18004685878
+18004686253
+18004686338
+18004686453
+18004686505
+18004686667
+18004686688
+18004686833
+18004686938
+18004686956
+18004687394
+18004687397
+18004687398
+18004687399
+18004687425
+18004687448
+18004687465
+18004687529
+18004687588
+18004687653
+18004687666
+18004687676
+18004687825
+18004687827
+18004687833
+18004687877
+18004687879
+18004687883
+18004688223
+18004688244
+18004688245
+18004688255
+18004688305
+18004688323
+18004688325
+18004688326
+18004688327
+18004688328
+18004688333
+18004688336
+18004688337
+18004688342
+18004688346
+18004688348
+18004688353
+18004688380
+18004688382
+18004688386
+18004688399
+18004688425
+18004688437
+18004688438
+18004688468
+18004688487
+18004688489
+18004688666
+18004688669
+18004688697
+18004688739
+18004688866
+18004688874
+18004688932
+18004688999
+18004689254
+18004689433
+18004689447
+18004689453
+18004689483
+18004689489
+18004692681
+18004695094
+18004697638
+18004698359
+18004704048
+18004706307
+18004724490
+18004724739
+18004725483
+18004726253
+18004727393
+18004727588
+18004727859
+18004728215
+18004728327
+18004728394
+18004729231
+18004730100
+18004730825
+18004730832
+18004739244
+18004739468
+18004739968
+18004750066
+18004757399
+18004766976
+18004769829
+18004771442
+18004773431
+18004776632
+18004782428
+18004785030
+18004787981
+18004803862
+18004804374
+18004804383
+18004806366
+18004812441
+18004815477
+18004823384
+18004823825
+18004832624
+18004835872
+18004843277
+18004848277
+18004855796
+18004864277
+18004869888
+18004876228
+18004882477
+18004887211
+18004891661
+18004894864
+18004895360
+18004895639
+18004896223
+18004896749
+18004896868
+18004896950
+18004897286
+18004897399
+18004897739
+18004919299
+18004926290
+18004937699
+18004952699
+18004957393
+18004957462
+18004957466
+18004957477
+18004957588
+18004957710
+18004957726
+18004957825
+18004957883
+18004958286
+18004975477
+18004976931
+18004983634
+18004990493
+18004997573
+18005007399
+18005033530
+18005034536
+18005054207
+18005055209
+18005055888
+18005056725
+18005058920
+18005061661
+18005062223
+18005062455
+18005062866
+18005063335
+18005063438
+18005063655
+18005063699
+18005064229
+18005064688
+18005066083
+18005069159
+18005078283
+18005079588
+18005093425
+18005097247
+18005102633
+18005121581
+18005132189
+18005135135
+18005149782
+18005149943
+18005151494
+18005154774
+18005158234
+18005158466
+18005162245
+18005163647
+18005163655
+18005163699
+18005164688
+18005164786
+18005164864
+18005164930
+18005165136
+18005165137
+18005165138
+18005180122
+18005181671
+18005185239
+18005185789
+18005194588
+18005198255
+18005212569
+18005212681
+18005219831
+18005223078
+18005223739
+18005223756
+18005223767
+18005224700
+18005225633
+18005230255
+18005234052
+18005238244
+18005239321
+18005239386
+18005239739
+18005239907
+18005245798
+18005254659
+18005256366
+18005262746
+18005270965
+18005271043
+18005272603
+18005272731
+18005283202
+18005283262
+18005283283
+18005283286
+18005283527
+18005283648
+18005283733
+18005284499
+18005284500
+18005285347
+18005286654
+18005287327
+18005287843
+18005288555
+18005303656
+18005304269
+18005325362
+18005325980
+18005326407
+18005334255
+18005354433
+18005357833
+18005372150
+18005372426
+18005375464
+18005375633
+18005377422
+18005378501
+18005380688
+18005381655
+18005383655
+18005383825
+18005385683
+18005387739
+18005392569
+18005393223
+18005393244
+18005393323
+18005393425
+18005393437
+18005393438
+18005393468
+18005393489
+18005393669
+18005393825
+18005393866
+18005393932
+18005393999
+18005403761
+18005406662
+18005408080
+18005409388
+18005413119
+18005422548
+18005422759
+18005425277
+18005425286
+18005425437
+18005425464
+18005425486
+18005425848
+18005425887
+18005427839
+18005428739
+18005432740
+18005433283
+18005433391
+18005434273
+18005436464
+18005436477
+18005436749
+18005438462
+18005438874
+18005439388
+18005441584
+18005442465
+18005444466
+18005446339
+18005447111
+18005455269
+18005455429
+18005462702
+18005465922
+18005468028
+18005474307
+18005474475
+18005477269
+18005477277
+18005477437
+18005477547
+18005477727
+18005477848
+18005483739
+18005488282
+18005489465
+18005511137
+18005511300
+18005514457
+18005514618
+18005518923
+18005529753
+18005549524
+18005549647
+18005550003
+18005550006
+18005550007
+18005550009
+18005550199
+18005550231
+18005551262
+18005551394
+18005551400
+18005551600
+18005551661
+18005551666
+18005552222
+18005552288
+18005552428
+18005552548
+18005554475
+18005555683
+18005557260
+18005557399
+18005558874
+18005565391
+18005565393
+18005565483
+18005565825
+18005566158
+18005566277
+18005566286
+18005567465
+18005567587
+18005567588
+18005567685
+18005577771
+18005582025
+18005585238
+18005591360
+18005609627
+18005609997
+18005614801
+18005620424
+18005622015
+18005622573
+18005622867
+18005624266
+18005653561
+18005654632
+18005657529
+18005660218
+18005666655
+18005666949
+18005667201
+18005667588
+18005667623
+18005667673
+18005667825
+18005667877
+18005668286
+18005668854
+18005668896
+18005681572
+18005683269
+18005683277
+18005683429
+18005683437
+18005683447
+18005683547
+18005683636
+18005683739
+18005683848
+18005683938
+18005685239
+18005722782
+18005724229
+18005726606
+18005734830
+18005737407
+18005742833
+18005742835
+18005742883
+18005743648
+18005744088
+18005744443
+18005744563
+18005744566
+18005744569
+18005744618
+18005749441
+18005755937
+18005761375
+18005771122
+18005777764
+18005777771
+18005778889
+18005789170
+18005795797
+18005797382
+18005817094
+18005827874
+18005828000
+18005828191
+18005828327
+18005829134
+18005829918
+18005831661
+18005832482
+18005832569
+18005832866
+18005837448
+18005838528
+18005841372
+18005871299
+18005871611
+18005873573
+18005877135
+18005878437
+18005878739
+18005885494
+18005885987
+18005886833
+18005888461
+18005888462
+18005888463
+18005910060
+18005916969
+18005917267
+18005917326
+18005917588
+18005917843
+18005918794
+18005919276
+18005919869
+18005919918
+18005922661
+18005922786
+18005926292
+18005929985
+18005932232
+18005932833
+18005939749
+18005941000
+18005948080
+18005954299
+18005978102
+18005979697
+18005988336
+18005990089
+18005992569
+18005992661
+18005994277
+18005994738
+18005996864
+18005998788
+18005999192
+18005999207
+18005999253
+18006002466
+18006007399
+18006008802
+18006010011
+18006010271
+18006026760
+18006027720
+18006038887
+18006054635
+18006070526
+18006078142
+18006080407
+18006083378
+18006098703
+18006099411
+18006108989
+18006109453
+18006110747
+18006111331
+18006111551
+18006111818
+18006112223
+18006112233
+18006112422
+18006112866
+18006131829
+18006135021
+18006145155
+18006163025
+18006165910
+18006166152
+18006170226
+18006187942
+18006208059
+18006222263
+18006229436
+18006229555
+18006229645
+18006250284
+18006253322
+18006253327
+18006253331
+18006253336
+18006253342
+18006253344
+18006253348
+18006253362
+18006253363
+18006253373
+18006253383
+18006253429
+18006253739
+18006256969
+18006257396
+18006257825
+18006264475
+18006266539
+18006277243
+18006279569
+18006279731
+18006279823
+18006283974
+18006284489
+18006300933
+18006305797
+18006310878
+18006319679
+18006335609
+18006342628
+18006347829
+18006349447
+18006356283
+18006361811
+18006362428
+18006362636
+18006362739
+18006363336
+18006363425
+18006364739
+18006367399
+18006367429
+18006367666
+18006368336
+18006368688
+18006374214
+18006382866
+18006383549
+18006384527
+18006384684
+18006392495
+18006393082
+18006394688
+18006395124
+18006400560
+18006402532
+18006403423
+18006403724
+18006404277
+18006404618
+18006404683
+18006405756
+18006406877
+18006411503
+18006423277
+18006425748
+18006432484
+18006433825
+18006436464
+18006438633
+18006441935
+18006444377
+18006444843
+18006444873
+18006447307
+18006447357
+18006452003
+18006453223
+18006453255
+18006453323
+18006453386
+18006453437
+18006453438
+18006453468
+18006453489
+18006453666
+18006453669
+18006453739
+18006453825
+18006453866
+18006453927
+18006453932
+18006453999
+18006454688
+18006459739
+18006461370
+18006463013
+18006463271
+18006464129
+18006466313
+18006466582
+18006477537
+18006478737
+18006483264
+18006497825
+18006504997
+18006507588
+18006507779
+18006507883
+18006508788
+18006508887
+18006508928
+18006509388
+18006511470
+18006512223
+18006512441
+18006515425
+18006524718
+18006526094
+18006527926
+18006532865
+18006533940
+18006535239
+18006535900
+18006536457
+18006541961
+18006547354
+18006552888
+18006559669
+18006561022
+18006577407
+18006587799
+18006594113
+18006601646
+18006601922
+18006602344
+18006602482
+18006602668
+18006603606
+18006603669
+18006604637
+18006605886
+18006606151
+18006606375
+18006611222
+18006632650
+18006635239
+18006647491
+18006647546
+18006649895
+18006650481
+18006653784
+18006659739
+18006661234
+18006662428
+18006662522
+18006662548
+18006662625
+18006663733
+18006663825
+18006664475
+18006665347
+18006665477
+18006665683
+18006667825
+18006667879
+18006668487
+18006668816
+18006668846
+18006669263
+18006669268
+18006669447
+18006669453
+18006669534
+18006669666
+18006669738
+18006669797
+18006669949
+18006672632
+18006673739
+18006675953
+18006687399
+18006690000
+18006691111
+18006693825
+18006694865
+18006697399
+18006712742
+18006725739
+18006727332
+18006732429
+18006733341
+18006736534
+18006736537
+18006740229
+18006744462
+18006748069
+18006749223
+18006749244
+18006749255
+18006749386
+18006749425
+18006749426
+18006749437
+18006749438
+18006749446
+18006749489
+18006749666
+18006749669
+18006749739
+18006749746
+18006749866
+18006749924
+18006749999
+18006750781
+18006750986
+18006759268
+18006764144
+18006766594
+18006770538
+18006770545
+18006776888
+18006777265
+18006777269
+18006777947
+18006777978
+18006778462
+18006779852
+18006780066
+18006780366
+18006781313
+18006783674
+18006789388
+18006793499
+18006809896
+18006821186
+18006821351
+18006821999
+18006823739
+18006830495
+18006833429
+18006833447
+18006833523
+18006833636
+18006833739
+18006833833
+18006836000
+18006842705
+18006843154
+18006855747
+18006866460
+18006866778
+18006866906
+18006872541
+18006872878
+18006873425
+18006884448
+18006886880
+18006889135
+18006902866
+18006910223
+18006911000
+18006914625
+18006922428
+18006922557
+18006923825
+18006924475
+18006924824
+18006926627
+18006926689
+18006935759
+18006940603
+18006967429
+18006967436
+18006967446
+18006967448
+18006967463
+18006967465
+18006967487
+18006969739
+18006973647
+18006974621
+18006976310
+18006977548
+18006978779
+18006979298
+18006986986
+18006987294
+18006995026
+18006996574
+18006996636
+18006997832
+18007003235
+18007003598
+18007004653
+18007006666
+18007007399
+18007008697
+18007009010
+18007014688
+18007047273
+18007062117
+18007067277
+18007069222
+18007082749
+18007083048
+18007085646
+18007093825
+18007096732
+18007097726
+18007102223
+18007102303
+18007102625
+18007103277
+18007113994
+18007119118
+18007130422
+18007132312
+18007144935
+18007146971
+18007151257
+18007171660
+18007179268
+18007188878
+18007190016
+18007192814
+18007196749
+18007198751
+18007214474
+18007222424
+18007231520
+18007233825
+18007235239
+18007246475
+18007249222
+18007256254
+18007256673
+18007259969
+18007262893
+18007267456
+18007268437
+18007271187
+18007273739
+18007274757
+18007277675
+18007278393
+18007284929
+18007288435
+18007289739
+18007292773
+18007293825
+18007294475
+18007295239
+18007297217
+18007297399
+18007298353
+18007307651
+18007308186
+18007310565
+18007314319
+18007314751
+18007315624
+18007316852
+18007317476
+18007325286
+18007325636
+18007325739
+18007327277
+18007330527
+18007333863
+18007334323
+18007334425
+18007334653
+18007335239
+18007337676
+18007338487
+18007342907
+18007343957
+18007351049
+18007352929
+18007353287
+18007359726
+18007364737
+18007364739
+18007364782
+18007368468
+18007373385
+18007373825
+18007377377
+18007378287
+18007384227
+18007387703
+18007389073
+18007391111
+18007391234
+18007391661
+18007391905
+18007392223
+18007392229
+18007392255
+18007392263
+18007392264
+18007392265
+18007392273
+18007392284
+18007392329
+18007392337
+18007392424
+18007392426
+18007392428
+18007392437
+18007392525
+18007392548
+18007392569
+18007392582
+18007392639
+18007392662
+18007392663
+18007392668
+18007392697
+18007392739
+18007392777
+18007392866
+18007392883
+18007392887
+18007392888
+18007393278
+18007393283
+18007393338
+18007393425
+18007393647
+18007393733
+18007393825
+18007393940
+18007394026
+18007394209
+18007394247
+18007394263
+18007394273
+18007394283
+18007394357
+18007394444
+18007394475
+18007394547
+18007394653
+18007394676
+18007394739
+18007394772
+18007394897
+18007394968
+18007395225
+18007395239
+18007395347
+18007395375
+18007395394
+18007395425
+18007395433
+18007395463
+18007395477
+18007395483
+18007395555
+18007395625
+18007395673
+18007395683
+18007395945
+18007396141
+18007396253
+18007396283
+18007396338
+18007396366
+18007396387
+18007396569
+18007396626
+18007396659
+18007396696
+18007396736
+18007396833
+18007396861
+18007397225
+18007397246
+18007397268
+18007397278
+18007397399
+18007397448
+18007397465
+18007397469
+18007397477
+18007397529
+18007397546
+18007397587
+18007397588
+18007397602
+18007397664
+18007397666
+18007397676
+18007397746
+18007397825
+18007397827
+18007397874
+18007397877
+18007397879
+18007397883
+18007398055
+18007398223
+18007398244
+18007398253
+18007398255
+18007398259
+18007398277
+18007398326
+18007398336
+18007398355
+18007398378
+18007398386
+18007398398
+18007398425
+18007398430
+18007398433
+18007398437
+18007398444
+18007398446
+18007398462
+18007398463
+18007398464
+18007398468
+18007398477
+18007398478
+18007398487
+18007398488
+18007398489
+18007398502
+18007398525
+18007398556
+18007398587
+18007398592
+18007398624
+18007398637
+18007398666
+18007398669
+18007398673
+18007398677
+18007398687
+18007398692
+18007398694
+18007398696
+18007398699
+18007398722
+18007398726
+18007398739
+18007398749
+18007398788
+18007398856
+18007398866
+18007398875
+18007398888
+18007398889
+18007398924
+18007398932
+18007399000
+18007399001
+18007399103
+18007399111
+18007399121
+18007399123
+18007399133
+18007399165
+18007399166
+18007399168
+18007399170
+18007399173
+18007399174
+18007399175
+18007399182
+18007399211
+18007399216
+18007399220
+18007399222
+18007399225
+18007399227
+18007399229
+18007399235
+18007399242
+18007399247
+18007399248
+18007399251
+18007399255
+18007399260
+18007399263
+18007399267
+18007399268
+18007399269
+18007399272
+18007399273
+18007399276
+18007399277
+18007399282
+18007399283
+18007399285
+18007399287
+18007399288
+18007399296
+18007399300
+18007399302
+18007399303
+18007399324
+18007399327
+18007399328
+18007399329
+18007399333
+18007399334
+18007399336
+18007399338
+18007399342
+18007399345
+18007399348
+18007399349
+18007399359
+18007399364
+18007399366
+18007399369
+18007399373
+18007399378
+18007399380
+18007399383
+18007399386
+18007399387
+18007399388
+18007399393
+18007399399
+18007399404
+18007399405
+18007399407
+18007399414
+18007399422
+18007399425
+18007399426
+18007399427
+18007399429
+18007399433
+18007399434
+18007399440
+18007399441
+18007399443
+18007399444
+18007399447
+18007399448
+18007399450
+18007399452
+18007399453
+18007399454
+18007399460
+18007399463
+18007399464
+18007399465
+18007399467
+18007399470
+18007399473
+18007399474
+18007399475
+18007399483
+18007399484
+18007399486
+18007399489
+18007399495
+18007399496
+18007399499
+18007399502
+18007399515
+18007399518
+18007399523
+18007399525
+18007399530
+18007399532
+18007399534
+18007399539
+18007399542
+18007399543
+18007399544
+18007399547
+18007399548
+18007399556
+18007399562
+18007399565
+18007399568
+18007399582
+18007399583
+18007399584
+18007399585
+18007399587
+18007399588
+18007399600
+18007399624
+18007399625
+18007399626
+18007399628
+18007399633
+18007399636
+18007399645
+18007399648
+18007399663
+18007399666
+18007399669
+18007399672
+18007399675
+18007399687
+18007399692
+18007399697
+18007399729
+18007399737
+18007399739
+18007399742
+18007399744
+18007399745
+18007399746
+18007399754
+18007399755
+18007399758
+18007399763
+18007399767
+18007399782
+18007399783
+18007399787
+18007399833
+18007399848
+18007399863
+18007399872
+18007399886
+18007399892
+18007399929
+18007399938
+18007399944
+18007399948
+18007399999
+18007415510
+18007425739
+18007431119
+18007433849
+18007433973
+18007436253
+18007448269
+18007463373
+18007463445
+18007464507
+18007464531
+18007464532
+18007464533
+18007464535
+18007464537
+18007464544
+18007464553
+18007464555
+18007464557
+18007464563
+18007464577
+18007465269
+18007465477
+18007465547
+18007465739
+18007465787
+18007466373
+18007466374
+18007466378
+18007466379
+18007467045
+18007467223
+18007467232
+18007467244
+18007467255
+18007467353
+18007467386
+18007467425
+18007467437
+18007467438
+18007467446
+18007467468
+18007467489
+18007467537
+18007467635
+18007467666
+18007467669
+18007467739
+18007467757
+18007467932
+18007467988
+18007467999
+18007469739
+18007473825
+18007474000
+18007477739
+18007478022
+18007478255
+18007479022
+18007487419
+18007495334
+18007502732
+18007507399
+18007508045
+18007524130
+18007528515
+18007529468
+18007529848
+18007532787
+18007537706
+18007539437
+18007544817
+18007548913
+18007550000
+18007552633
+18007563335
+18007564326
+18007574912
+18007577325
+18007579277
+18007587739
+18007588197
+18007588223
+18007588244
+18007588255
+18007588286
+18007588323
+18007588386
+18007588425
+18007588429
+18007588438
+18007588458
+18007588468
+18007588469
+18007588489
+18007588522
+18007588666
+18007588669
+18007588729
+18007588739
+18007588872
+18007588999
+18007592692
+18007607292
+18007609771
+18007623562
+18007625782
+18007626824
+18007630954
+18007635806
+18007637792
+18007638249
+18007647453
+18007648000
+18007662046
+18007662623
+18007664991
+18007668132
+18007672321
+18007673324
+18007674023
+18007676061
+18007676082
+18007676239
+18007676253
+18007676283
+18007676286
+18007676309
+18007676316
+18007676329
+18007676338
+18007676375
+18007676382
+18007676383
+18007676404
+18007676422
+18007676428
+18007676429
+18007676442
+18007676472
+18007676481
+18007676482
+18007676483
+18007676485
+18007676486
+18007676487
+18007676488
+18007676492
+18007676496
+18007676529
+18007676539
+18007676647
+18007676739
+18007676782
+18007676830
+18007681434
+18007684485
+18007684989
+18007688058
+18007688080
+18007688082
+18007688095
+18007688111
+18007688223
+18007688242
+18007688244
+18007688323
+18007688336
+18007688373
+18007688382
+18007688386
+18007688425
+18007688437
+18007688438
+18007688446
+18007688468
+18007688489
+18007688523
+18007688546
+18007688548
+18007688666
+18007688669
+18007688674
+18007688726
+18007688739
+18007688866
+18007688924
+18007688928
+18007688932
+18007688999
+18007689018
+18007689132
+18007690248
+18007690383
+18007693699
+18007697432
+18007698374
+18007698585
+18007705021
+18007705284
+18007707776
+18007726546
+18007726563
+18007732133
+18007733428
+18007734499
+18007735483
+18007763825
+18007768462
+18007771673
+18007772548
+18007773733
+18007773825
+18007774475
+18007775477
+18007776338
+18007777399
+18007778000
+18007778255
+18007781296
+18007792442
+18007804739
+18007814744
+18007816810
+18007817442
+18007822548
+18007824708
+18007825262
+18007825269
+18007825277
+18007825286
+18007825342
+18007825377
+18007825464
+18007825534
+18007825633
+18007825848
+18007825968
+18007826772
+18007827739
+18007827837
+18007828718
+18007832715
+18007842546
+18007843678
+18007845471
+18007857667
+18007858594
+18007862546
+18007865268
+18007866485
+18007867282
+18007867437
+18007869525
+18007872766
+18007873825
+18007874739
+18007877399
+18007877437
+18007877922
+18007877929
+18007877934
+18007877936
+18007877946
+18007877948
+18007877956
+18007877957
+18007877963
+18007877966
+18007877979
+18007877980
+18007877987
+18007878291
+18007879321
+18007884846
+18007893585
+18007893909
+18007895259
+18007901870
+18007925569
+18007942656
+18007942893
+18007945411
+18007946848
+18007973464
+18007978779
+18007979819
+18007984517
+18007995463
+18007996668
+18008003000
+18008003337
+18008003825
+18008004475
+18008004688
+18008005282
+18008007399
+18008007739
+18008008487
+18008009000
+18008014625
+18008032938
+18008038252
+18008041880
+18008054741
+18008077531
+18008083825
+18008088707
+18008093049
+18008103331
+18008108108
+18008111633
+18008151723
+18008153257
+18008156660
+18008175239
+18008179711
+18008189044
+18008217426
+18008220421
+18008224775
+18008242978
+18008244547
+18008244627
+18008246554
+18008251598
+18008252668
+18008253425
+18008255263
+18008255286
+18008255386
+18008255468
+18008255534
+18008255626
+18008255663
+18008255669
+18008255709
+18008255739
+18008255836
+18008255866
+18008255868
+18008255966
+18008258663
+18008262464
+18008266183
+18008271927
+18008295788
+18008311111
+18008311212
+18008326739
+18008336210
+18008336233
+18008336239
+18008336254
+18008336272
+18008336277
+18008336287
+18008336368
+18008336382
+18008336425
+18008336468
+18008336493
+18008336587
+18008336739
+18008336788
+18008336848
+18008336937
+18008336938
+18008352491
+18008357320
+18008359861
+18008370125
+18008370241
+18008377282
+18008382563
+18008383825
+18008385613
+18008385616
+18008387399
+18008388487
+18008393753
+18008399386
+18008402922
+18008423546
+18008423972
+18008428979
+18008433673
+18008435200
+18008438255
+18008438493
+18008443124
+18008444765
+18008444846
+18008452617
+18008458113
+18008459721
+18008473825
+18008474467
+18008476451
+18008476578
+18008477399
+18008477622
+18008478487
+18008482662
+18008483825
+18008487277
+18008487739
+18008487787
+18008487825
+18008487955
+18008488336
+18008488437
+18008488487
+18008488743
+18008488929
+18008488936
+18008488948
+18008488963
+18008489588
+18008493628
+18008493653
+18008493672
+18008493678
+18008493699
+18008495914
+18008503953
+18008510318
+18008560727
+18008560955
+18008568636
+18008575133
+18008581190
+18008584162
+18008587268
+18008597355
+18008611214
+18008614519
+18008614684
+18008618697
+18008619054
+18008622226
+18008623129
+18008625850
+18008632575
+18008634618
+18008635478
+18008635878
+18008637377
+18008638478
+18008642637
+18008646639
+18008669027
+18008673825
+18008682463
+18008683945
+18008686900
+18008687319
+18008694262
+18008694673
+18008695354
+18008696356
+18008712228
+18008712695
+18008724475
+18008724710
+18008726729
+18008726736
+18008726739
+18008726746
+18008726748
+18008726763
+18008726765
+18008726787
+18008735271
+18008748836
+18008758111
+18008763978
+18008776539
+18008787311
+18008791736
+18008796874
+18008802875
+18008832210
+18008832630
+18008833739
+18008836641
+18008839953
+18008849666
+18008873551
+18008873889
+18008874277
+18008876221
+18008876636
+18008882548
+18008882662
+18008882697
+18008883825
+18008884475
+18008885944
+18008887399
+18008888487
+18008892455
+18008899096
+18008934630
+18008937811
+18008938269
+18008938283
+18008942522
+18008945335
+18008948654
+18008957511
+18008962777
+18008963415
+18008963634
+18008963825
+18008979083
+18008979846
+18008982428
+18008994546
+18009006900
+18009007399
+18009015450
+18009019394
+18009063904
+18009069077
+18009069631
+18009070303
+18009085989
+18009086535
+18009094601
+18009095555
+18009096453
+18009125737
+18009128222
+18009134040
+18009138239
+18009138257
+18009138464
+18009140474
+18009141445
+18009155116
+18009156229
+18009161090
+18009161095
+18009161100
+18009162569
+18009178328
+18009183833
+18009184468
+18009198400
+18009198673
+18009206543
+18009217418
+18009225352
+18009239324
+18009243623
+18009244765
+18009247381
+18009247526
+18009248463
+18009254066
+18009255483
+18009259278
+18009264477
+18009265386
+18009267893
+18009268739
+18009268968
+18009273212
+18009276277
+18009276286
+18009276739
+18009277467
+18009279699
+18009282448
+18009282866
+18009282938
+18009293483
+18009293655
+18009297286
+18009300101
+18009326552
+18009327318
+18009334057
+18009334075
+18009334388
+18009335363
+18009346645
+18009353825
+18009355598
+18009360954
+18009370887
+18009373825
+18009380453
+18009380675
+18009382223
+18009382229
+18009382262
+18009382428
+18009382482
+18009382539
+18009382540
+18009382541
+18009382542
+18009382544
+18009382545
+18009382546
+18009382547
+18009382548
+18009382549
+18009382552
+18009382554
+18009382625
+18009382662
+18009382697
+18009382777
+18009382848
+18009382866
+18009382867
+18009382888
+18009383063
+18009383338
+18009383425
+18009383558
+18009383825
+18009383925
+18009384053
+18009384137
+18009384257
+18009384267
+18009384297
+18009384475
+18009384653
+18009384715
+18009384739
+18009384847
+18009384855
+18009384897
+18009385347
+18009385372
+18009385463
+18009385465
+18009385477
+18009385823
+18009385878
+18009386174
+18009386283
+18009386292
+18009386333
+18009386367
+18009386451
+18009386739
+18009386833
+18009386999
+18009387268
+18009387334
+18009387399
+18009387448
+18009387529
+18009387548
+18009387588
+18009387653
+18009387676
+18009387783
+18009387877
+18009387879
+18009388245
+18009388255
+18009388336
+18009388422
+18009388463
+18009388487
+18009388548
+18009388697
+18009388874
+18009389433
+18009393825
+18009398882
+18009402638
+18009404565
+18009425337
+18009433739
+18009433825
+18009433914
+18009446790
+18009447766
+18009453277
+18009453315
+18009453616
+18009453626
+18009453729
+18009453739
+18009454475
+18009460206
+18009463260
+18009467223
+18009467255
+18009467279
+18009467343
+18009467346
+18009467348
+18009467365
+18009467386
+18009467425
+18009467437
+18009467438
+18009467468
+18009467489
+18009467666
+18009467669
+18009467739
+18009467866
+18009467988
+18009468277
+18009473825
+18009473861
+18009475994
+18009482078
+18009488958
+18009493825
+18009500033
+18009523920
+18009523951
+18009526627
+18009530702
+18009546694
+18009547073
+18009552742
+18009557042
+18009557803
+18009562999
+18009567545
+18009569232
+18009581303
+18009584575
+18009593338
+18009594442
+18009594446
+18009595718
+18009597883
+18009598366
+18009637792
+18009639937
+18009640300
+18009642237
+18009646696
+18009653049
+18009654275
+18009656676
+18009663640
+18009663647
+18009663654
+18009663660
+18009663661
+18009663665
+18009663671
+18009663689
+18009663699
+18009668666
+18009675220
+18009675915
+18009677447
+18009683278
+18009684066
+18009685276
+18009686706
+18009687277
+18009687468
+18009693825
+18009698487
+18009698688
+18009699995
+18009705566
+18009705794
+18009714475
+18009715347
+18009715683
+18009716667
+18009718336
+18009722065
+18009738349
+18009741329
+18009741677
+18009744321
+18009746137
+18009746728
+18009747220
+18009751615
+18009757874
+18009762453
+18009767238
+18009767241
+18009767258
+18009767259
+18009767261
+18009767281
+18009767289
+18009767298
+18009782778
+18009795925
+18009824122
+18009824622
+18009836946
+18009837178
+18009838722
+18009846889
+18009848487
+18009849696
+18009850350
+18009855067
+18009863825
+18009871970
+18009874675
+18009892688
+18009898812
+18009905825
+18009922929
+18009924425
+18009925298
+18009930813
+18009935880
+18009944832
+18009952261
+18009954618
+18009955684
+18009961954
+18009972754
+18009975941
+18009978234
+18009987792
+18009991234
+18009991599
+18009992041
+18009992428
+18009992468
+18009992548
+18009992625
+18009992662
+18009993357
+18009993425
+18009993825
+18009994232
+18009994475
+18009994477
+18009995239
+18009995347
+18009995463
+18009995477
+18009995683
+18009995878
+18009996253
+18009996666
+18009997273
+18009997399
+18009997825
+18009997883
+18009998255
+18009998336
+18009998487
+18009999739
+18014090909
+18014091444
+18014437373
+18015122062
+18016181816
+18016184100
+18016184101
+18016184102
+18017369700
+18017834468
+18017900703
+18017904102
+18018397502
+18019249700
+18019341600
+18019900777
+18023834440
+18023834448
+18023834452
+18024981000
+18024981013
+18024981016
+18026740020
+18026740023
+18029229100
+18029229700
+18032173128
+18032270036
+18032270038
+18032270048
+18034090013
+18034616600
+18037401010
+18037402000
+18037404444
+18039562452
+18042014406
+18042014410
+18042531856
+18043553637
+18044828100
+18047672600
+18047747373
+18049778888
+18052058199
+18054358900
+18058565100
+18058589400
+18058809900
+18062230311
+18062230707
+18062909500
+18063184848
+18063189999
+18063400824
+18064123788
+18065030890
+18065450005
+18082139393
+18082141616
+18082159393
+18082700715
+18082700720
+18082702200
+18083214178
+18083434910
+18084197670
+18084576689
+18085500233
+18085991655
+18086641111
+18089240868
+18089300028
+18089300032
+18089300062
+18089307575
+18089473444
+18089490649
+18089499888
+18089518232
+18102759999
+18103967009
+18103967015
+18103967016
+18103967777
+18107402222
+18125149500
+18127749300
+18127768318
+18129611515
+18132175289
+18132628300
+18132779700
+18132830698
+18133162079
+18133179910
+18135435460
+18135795595
+18135940303
+18136763533
+18142206492
+18142206865
+18143085656
+18143085700
+18144641504
+18144641505
+18154158532
+18154206649
+18156864747
+18158463560
+18159779700
+18159779797
+18162723500
+18163030303
+18163353000
+18163593670
+18165216909
+18165330062
+18165330063
+18165332000
+18165333000
+18165337959
+18168412222
+18172891103
+18175837979
+18175852828
+18177195933
+18178403395
+18178865933
+18178869399
+18178876666
+18182308331
+18184560224
+18184643775
+18184956200
+18184956201
+18184956202
+18186300092
+18186882626
+18188248444
+18189264381
+18189374494
+18189613100
+18253218812
+18265293627
+18282390909
+18283339900
+18283933500
+18304223500
+18304433030
+18314178600
+18316215216
+18318545454
+18319989999
+18322000707
+18322205066
+18322265500
+18322461473
+18323421966
+18323811944
+18323811955
+18325867700
+18326034549
+18326041044
+18332043381
+18332078487
+18332101010
+18332119166
+18332226695
+18332227161
+18332232777
+18332255739
+18332264277
+18332265600
+18332273739
+18332278368
+18332325236
+18332334373
+18332340916
+18332352431
+18332362667
+18332368373
+18332378739
+18332385818
+18332385821
+18332385824
+18332385827
+18332385833
+18332385837
+18332385838
+18332385844
+18332385846
+18332385847
+18332385854
+18332385856
+18332385862
+18332385866
+18332385869
+18332385870
+18332385873
+18332385874
+18332385877
+18332385878
+18332385879
+18332385880
+18332385882
+18332385883
+18332385893
+18332385899
+18332388278
+18332422874
+18332422878
+18332427788
+18332428002
+18332428047
+18332428238
+18332428255
+18332428363
+18332428365
+18332428373
+18332428397
+18332428440
+18332428445
+18332428546
+18332428548
+18332428568
+18332428669
+18332428793
+18332428825
+18332428872
+18332428999
+18332434625
+18332443454
+18332449446
+18332453538
+18332474373
+18332482429
+18332482436
+18332482446
+18332482448
+18332482463
+18332482465
+18332482832
+18332522526
+18332575757
+18332594900
+18332595639
+18332597752
+18332599872
+18332625223
+18332625244
+18332625323
+18332625386
+18332625425
+18332625437
+18332625438
+18332625446
+18332625468
+18332625489
+18332625666
+18332625669
+18332625739
+18332625866
+18332625924
+18332625932
+18332625999
+18332644939
+18332654935
+18332663484
+18332663739
+18332666626
+18332667976
+18332739769
+18332744774
+18332755752
+18332756557
+18332768284
+18332768738
+18332775265
+18332777399
+18332786771
+18332792544
+18332797972
+18332812382
+18332833846
+18332868669
+18332880339
+18332883277
+18332910128
+18332910890
+18332917392
+18332969435
+18332976666
+18333039945
+18333046635
+18333054937
+18333055669
+18333058809
+18333071390
+18333144273
+18333211944
+18333222213
+18333228688
+18333244160
+18333268273
+18333268274
+18333268279
+18333278074
+18333283546
+18333284475
+18333285239
+18333285477
+18333287399
+18333306397
+18333307699
+18333325276
+18333325293
+18333335347
+18333384736
+18333384746
+18333384748
+18333405100
+18333425223
+18333425244
+18333425255
+18333425323
+18333425386
+18333425425
+18333425437
+18333425438
+18333425446
+18333425489
+18333425666
+18333425669
+18333425739
+18333425866
+18333425924
+18333425932
+18333425999
+18333446772
+18333453223
+18333453255
+18333453386
+18333453425
+18333453437
+18333453446
+18333453489
+18333453666
+18333453669
+18333453739
+18333453866
+18333453924
+18333453932
+18333453999
+18333494352
+18333518665
+18333547812
+18333547824
+18333547825
+18333547837
+18333547846
+18333547860
+18333547871
+18333547873
+18333551664
+18333554773
+18333558477
+18333567362
+18333571110
+18333587277
+18333588973
+18333633997
+18333647757
+18333666245
+18333666248
+18333666253
+18333666329
+18333666336
+18333666346
+18333666348
+18333666363
+18333666365
+18333666387
+18333768422
+18333768427
+18333768429
+18333768436
+18333768446
+18333768448
+18333786776
+18333825223
+18333825225
+18333825244
+18333825255
+18333825286
+18333825323
+18333825386
+18333825425
+18333825429
+18333825438
+18333825446
+18333825464
+18333825468
+18333825484
+18333825489
+18333825636
+18333825666
+18333825669
+18333825692
+18333825739
+18333825848
+18333825866
+18333825924
+18333825932
+18333825999
+18333832492
+18333835728
+18333837473
+18333973743
+18333976852
+18333978347
+18334014038
+18334021212
+18334049900
+18334070019
+18334071608
+18334076842
+18334115967
+18334116579
+18334139000
+18334222378
+18334247366
+18334260114
+18334278944
+18334291234
+18334292428
+18334292662
+18334293283
+18334293284
+18334293733
+18334295459
+18334295463
+18334295465
+18334295483
+18334296253
+18334297399
+18334297666
+18334298487
+18334314297
+18334317831
+18334318799
+18334332977
+18334337088
+18334348730
+18334383478
+18334385239
+18334385243
+18334385898
+18334413823
+18334440000
+18334442424
+18334442428
+18334456582
+18334457353
+18334474191
+18334475739
+18334484765
+18334488935
+18334525638
+18334612286
+18334630091
+18334632399
+18334636266
+18334646968
+18334646969
+18334665877
+18334676911
+18334676921
+18334676924
+18334676926
+18334676939
+18334676940
+18334676943
+18334676944
+18334676948
+18334676950
+18334676954
+18334676956
+18334676962
+18334676965
+18334676966
+18334676967
+18334676969
+18334676973
+18334676987
+18334676991
+18334682229
+18334682428
+18334682432
+18334682663
+18334682668
+18334683283
+18334683338
+18334683825
+18334684475
+18334684653
+18334684673
+18334684676
+18334684747
+18334685239
+18334685347
+18334685463
+18334685465
+18334685477
+18334685683
+18334686253
+18334686833
+18334687394
+18334687397
+18334687398
+18334687399
+18334687666
+18334687883
+18334688223
+18334688244
+18334688255
+18334688305
+18334688323
+18334688325
+18334688326
+18334688327
+18334688328
+18334688333
+18334688336
+18334688337
+18334688342
+18334688346
+18334688348
+18334688353
+18334688380
+18334688382
+18334688386
+18334688399
+18334688425
+18334688437
+18334688438
+18334688468
+18334688489
+18334688666
+18334688669
+18334688739
+18334688866
+18334688932
+18334688999
+18334689433
+18334757266
+18334784371
+18334823384
+18334924460
+18334965105
+18335019493
+18335019498
+18335026144
+18335029247
+18335087842
+18335149782
+18335179449
+18335185239
+18335223767
+18335225633
+18335249958
+18335253226
+18335256366
+18335275244
+18335288555
+18335298900
+18335335446
+18335372426
+18335387739
+18335393223
+18335393244
+18335393323
+18335393425
+18335393437
+18335393438
+18335393468
+18335393489
+18335393669
+18335393866
+18335393932
+18335393999
+18335465922
+18335471909
+18335483739
+18335527942
+18335529753
+18335589523
+18335620424
+18335633786
+18335634536
+18335644663
+18335657529
+18335726606
+18335727482
+18335777764
+18335778805
+18335838577
+18335884372
+18335888461
+18335888462
+18335888463
+18335954299
+18335988336
+18336002466
+18336023815
+18336251832
+18336252384
+18336253322
+18336253327
+18336253331
+18336253336
+18336253342
+18336253344
+18336253348
+18336253362
+18336253363
+18336253373
+18336253383
+18336253739
+18336284489
+18336335609
+18336335864
+18336342628
+18336347829
+18336362739
+18336364636
+18336364739
+18336367399
+18336367666
+18336383549
+18336453223
+18336453255
+18336453277
+18336453323
+18336453386
+18336453437
+18336453438
+18336453468
+18336453489
+18336453666
+18336453669
+18336453739
+18336453825
+18336453866
+18336453932
+18336453999
+18336462696
+18336478575
+18336484838
+18336542796
+18336576976
+18336659739
+18336666472
+18336712742
+18336736534
+18336744858
+18336748069
+18336749223
+18336749244
+18336749255
+18336749386
+18336749425
+18336749437
+18336749438
+18336749446
+18336749489
+18336749666
+18336749669
+18336749739
+18336749866
+18336749924
+18336749999
+18336750781
+18336770538
+18336770545
+18336787884
+18336830590
+18336833429
+18336833447
+18336833523
+18336833636
+18336833739
+18336836000
+18336843154
+18336884448
+18336902866
+18336967429
+18336967436
+18336967446
+18336967448
+18336967463
+18336967465
+18336967487
+18336985325
+18336992423
+18337007399
+18337009010
+18337036359
+18337083048
+18337102625
+18337144935
+18337202250
+18337249222
+18337278393
+18337292773
+18337325739
+18337334425
+18337364737
+18337364739
+18337364782
+18337391111
+18337391234
+18337392229
+18337392255
+18337392263
+18337392265
+18337392273
+18337392284
+18337392329
+18337392424
+18337392426
+18337392428
+18337392639
+18337392663
+18337392668
+18337392739
+18337393338
+18337393733
+18337393825
+18337394475
+18337394653
+18337394676
+18337394739
+18337395239
+18337395347
+18337395425
+18337395433
+18337395463
+18337395477
+18337395483
+18337395683
+18337396253
+18337396338
+18337396659
+18337396736
+18337396833
+18337397399
+18337397587
+18337397666
+18337397883
+18337398223
+18337398244
+18337398255
+18337398326
+18337398336
+18337398386
+18337398425
+18337398437
+18337398446
+18337398463
+18337398468
+18337398478
+18337398489
+18337398666
+18337398669
+18337398739
+18337398866
+18337398924
+18337398932
+18337399000
+18337399001
+18337399103
+18337399111
+18337399121
+18337399123
+18337399133
+18337399165
+18337399166
+18337399168
+18337399170
+18337399173
+18337399174
+18337399175
+18337399182
+18337399211
+18337399216
+18337399220
+18337399222
+18337399225
+18337399227
+18337399229
+18337399235
+18337399242
+18337399247
+18337399248
+18337399251
+18337399255
+18337399260
+18337399263
+18337399267
+18337399268
+18337399269
+18337399272
+18337399273
+18337399276
+18337399282
+18337399283
+18337399285
+18337399287
+18337399288
+18337399296
+18337399300
+18337399303
+18337399327
+18337399328
+18337399329
+18337399333
+18337399334
+18337399336
+18337399338
+18337399342
+18337399345
+18337399348
+18337399349
+18337399359
+18337399364
+18337399366
+18337399369
+18337399373
+18337399378
+18337399380
+18337399383
+18337399386
+18337399387
+18337399388
+18337399393
+18337399399
+18337399404
+18337399405
+18337399407
+18337399414
+18337399422
+18337399425
+18337399426
+18337399427
+18337399429
+18337399433
+18337399434
+18337399440
+18337399441
+18337399443
+18337399444
+18337399450
+18337399452
+18337399454
+18337399460
+18337399463
+18337399464
+18337399465
+18337399467
+18337399470
+18337399473
+18337399474
+18337399475
+18337399483
+18337399484
+18337399486
+18337399489
+18337399495
+18337399496
+18337399499
+18337399502
+18337399515
+18337399518
+18337399523
+18337399525
+18337399530
+18337399532
+18337399534
+18337399539
+18337399542
+18337399543
+18337399544
+18337399548
+18337399556
+18337399562
+18337399565
+18337399582
+18337399583
+18337399584
+18337399585
+18337399587
+18337399588
+18337399600
+18337399624
+18337399625
+18337399628
+18337399633
+18337399636
+18337399645
+18337399648
+18337399663
+18337399669
+18337399672
+18337399675
+18337399687
+18337399692
+18337399697
+18337399737
+18337399739
+18337399745
+18337399754
+18337399755
+18337399758
+18337399763
+18337399767
+18337399783
+18337399833
+18337399872
+18337399886
+18337399892
+18337399929
+18337399944
+18337399948
+18337404543
+18337433849
+18337433973
+18337458372
+18337463373
+18337464507
+18337464531
+18337464532
+18337464533
+18337464535
+18337464537
+18337464544
+18337464553
+18337464555
+18337464557
+18337464563
+18337464577
+18337465547
+18337466374
+18337466378
+18337466379
+18337467223
+18337467244
+18337467255
+18337467386
+18337467425
+18337467437
+18337467438
+18337467446
+18337467468
+18337467489
+18337467666
+18337467669
+18337467739
+18337467932
+18337467999
+18337478022
+18337496573
+18337508045
+18337540688
+18337564326
+18337585469
+18337588223
+18337588244
+18337588255
+18337588277
+18337588323
+18337588386
+18337588425
+18337588438
+18337588468
+18337588489
+18337588666
+18337588669
+18337588739
+18337588999
+18337633956
+18337662623
+18337676061
+18337676082
+18337676239
+18337676253
+18337676283
+18337676286
+18337676309
+18337676316
+18337676338
+18337676375
+18337676382
+18337676383
+18337676404
+18337676422
+18337676428
+18337676429
+18337676442
+18337676472
+18337676481
+18337676482
+18337676483
+18337676485
+18337676486
+18337676487
+18337676488
+18337676492
+18337676496
+18337688223
+18337688244
+18337688323
+18337688386
+18337688425
+18337688437
+18337688438
+18337688446
+18337688468
+18337688489
+18337688666
+18337688669
+18337688739
+18337688866
+18337688924
+18337688932
+18337688999
+18337693699
+18337767876
+18337792442
+18337824623
+18337824708
+18337832497
+18337877929
+18337877936
+18337877946
+18337877948
+18337877963
+18337877987
+18337894748
+18337895259
+18337942656
+18337957395
+18337995463
+18338005282
+18338072437
+18338108108
+18338255263
+18338255966
+18338267361
+18338311212
+18338336937
+18338337396
+18338359861
+18338385613
+18338385616
+18338407859
+18338423546
+18338437273
+18338438255
+18338444765
+18338444846
+18338477738
+18338479925
+18338488929
+18338488936
+18338488948
+18338488963
+18338493628
+18338493653
+18338493672
+18338493678
+18338493699
+18338510318
+18338569052
+18338575133
+18338614519
+18338654648
+18338726729
+18338726736
+18338726739
+18338726746
+18338726748
+18338726763
+18338726765
+18338726787
+18338735463
+18338763978
+18338834789
+18338849666
+18338887739
+18338938269
+18338945563
+18338979083
+18339069631
+18339070303
+18339134040
+18339155116
+18339156229
+18339161090
+18339178328
+18339244765
+18339248463
+18339257488
+18339267893
+18339268968
+18339293655
+18339300101
+18339326272
+18339346645
+18339347687
+18339355598
+18339357506
+18339372385
+18339372388
+18339382262
+18339382539
+18339382540
+18339382541
+18339382542
+18339382544
+18339382545
+18339382546
+18339382547
+18339382548
+18339382549
+18339382552
+18339382554
+18339386292
+18339386833
+18339387783
+18339467223
+18339467255
+18339467346
+18339467348
+18339467365
+18339467386
+18339467425
+18339467437
+18339467438
+18339467468
+18339467489
+18339467666
+18339467669
+18339467739
+18339467866
+18339552742
+18339567545
+18339594442
+18339594446
+18339597883
+18339637792
+18339642237
+18339649946
+18339663640
+18339663647
+18339663654
+18339663660
+18339663661
+18339663665
+18339663671
+18339663689
+18339663699
+18339668666
+18339687277
+18339695291
+18339698688
+18339699995
+18339757874
+18339788687
+18339795925
+18339824622
+18339874675
+18339874765
+18339876663
+18339925298
+18339930813
+18339945297
+18339998336
+18339999999
+18432132500
+18432133333
+18433294444
+18433296600
+18435760180
+18436287504
+18438781060
+18442078487
+18442101010
+18442109683
+18442116588
+18442178501
+18442218957
+18442225483
+18442232777
+18442252623
+18442255739
+18442263432
+18442264277
+18442264429
+18442265600
+18442269345
+18442272739
+18442273739
+18442278368
+18442322437
+18442340916
+18442342485
+18442353272
+18442362667
+18442374854
+18442378739
+18442380281
+18442383784
+18442385818
+18442385821
+18442385824
+18442385827
+18442385833
+18442385837
+18442385838
+18442385844
+18442385846
+18442385847
+18442385854
+18442385856
+18442385862
+18442385866
+18442385869
+18442385870
+18442385873
+18442385874
+18442385877
+18442385878
+18442385879
+18442385880
+18442385882
+18442385883
+18442385893
+18442385899
+18442386529
+18442422874
+18442422878
+18442425536
+18442427489
+18442427788
+18442428002
+18442428047
+18442428238
+18442428255
+18442428363
+18442428365
+18442428373
+18442428397
+18442428440
+18442428445
+18442428546
+18442428548
+18442428568
+18442428669
+18442428793
+18442428825
+18442428872
+18442428999
+18442432537
+18442439728
+18442443454
+18442443668
+18442446373
+18442472848
+18442474373
+18442477424
+18442482429
+18442482436
+18442482446
+18442482448
+18442482463
+18442482465
+18442482832
+18442487244
+18442522523
+18442522576
+18442527743
+18442532726
+18442535641
+18442546422
+18442553749
+18442554262
+18442565845
+18442568437
+18442575757
+18442583774
+18442594900
+18442599872
+18442619259
+18442625223
+18442625244
+18442625286
+18442625323
+18442625386
+18442625425
+18442625437
+18442625438
+18442625446
+18442625468
+18442625489
+18442625548
+18442625666
+18442625669
+18442625739
+18442625746
+18442625866
+18442625924
+18442625932
+18442625999
+18442633422
+18442633776
+18442656642
+18442658628
+18442665786
+18442666626
+18442668468
+18442744774
+18442749276
+18442768738
+18442776359
+18442777399
+18442812382
+18442842780
+18442848330
+18442858872
+18442868669
+18442877368
+18442883277
+18442888286
+18442888938
+18442976666
+18442989800
+18443039945
+18443046635
+18443071390
+18443071608
+18443144273
+18443264592
+18443268273
+18443268274
+18443268279
+18443278074
+18443283338
+18443283546
+18443284475
+18443285239
+18443285347
+18443285477
+18443287399
+18443307699
+18443333725
+18443334228
+18443354246
+18443354837
+18443358352
+18443378462
+18443378482
+18443384736
+18443384746
+18443384748
+18443387648
+18443400962
+18443405100
+18443425223
+18443425244
+18443425255
+18443425277
+18443425323
+18443425386
+18443425425
+18443425437
+18443425438
+18443425446
+18443425489
+18443425666
+18443425669
+18443425739
+18443425866
+18443425924
+18443425932
+18443425999
+18443444825
+18443446772
+18443453223
+18443453255
+18443453386
+18443453425
+18443453437
+18443453446
+18443453489
+18443453666
+18443453669
+18443453739
+18443453866
+18443453924
+18443453932
+18443453999
+18443474377
+18443474464
+18443494352
+18443518665
+18443532874
+18443536662
+18443537426
+18443547812
+18443547824
+18443547825
+18443547837
+18443547846
+18443547860
+18443547871
+18443547873
+18443551664
+18443565916
+18443571110
+18443575555
+18443588973
+18443628636
+18443647757
+18443666245
+18443666248
+18443666253
+18443666329
+18443666336
+18443666346
+18443666348
+18443666363
+18443666365
+18443666387
+18443668932
+18443673227
+18443674678
+18443675333
+18443696869
+18443733739
+18443747633
+18443758044
+18443768422
+18443768427
+18443768429
+18443768436
+18443768446
+18443768448
+18443825223
+18443825225
+18443825233
+18443825244
+18443825255
+18443825269
+18443825323
+18443825328
+18443825386
+18443825425
+18443825429
+18443825438
+18443825446
+18443825464
+18443825468
+18443825484
+18443825489
+18443825547
+18443825588
+18443825636
+18443825666
+18443825669
+18443825692
+18443825739
+18443825778
+18443825848
+18443825866
+18443825924
+18443825932
+18443825938
+18443825945
+18443825999
+18443837473
+18443838300
+18443843362
+18443962789
+18443976783
+18443996965
+18444021212
+18444044403
+18444047179
+18444049900
+18444052495
+18444071608
+18444076842
+18444081064
+18444083433
+18444139000
+18444161431
+18444222378
+18444225567
+18444260114
+18444268453
+18444273429
+18444273564
+18444273848
+18444291234
+18444292428
+18444292662
+18444293283
+18444293284
+18444293733
+18444293825
+18444295459
+18444295463
+18444295465
+18444295483
+18444296253
+18444297399
+18444297666
+18444298487
+18444323546
+18444326829
+18444337088
+18444374824
+18444382929
+18444383478
+18444385239
+18444385243
+18444385600
+18444398274
+18444440000
+18444442424
+18444442428
+18444443825
+18444445564
+18444448616
+18444475447
+18444475739
+18444480465
+18444484765
+18444488935
+18444499395
+18444510142
+18444558787
+18444562257
+18444612286
+18444630091
+18444646968
+18444646969
+18444663342
+18444663724
+18444665877
+18444673742
+18444676911
+18444676921
+18444676924
+18444676926
+18444676939
+18444676940
+18444676943
+18444676944
+18444676948
+18444676950
+18444676954
+18444676956
+18444676962
+18444676965
+18444676966
+18444676967
+18444676969
+18444676973
+18444676987
+18444676991
+18444678573
+18444682229
+18444682428
+18444682432
+18444682663
+18444682668
+18444682697
+18444683283
+18444683338
+18444683425
+18444683684
+18444683825
+18444684475
+18444684653
+18444684673
+18444684676
+18444684747
+18444684897
+18444685239
+18444685347
+18444685397
+18444685463
+18444685465
+18444685477
+18444685625
+18444685683
+18444686253
+18444686425
+18444686833
+18444687336
+18444687394
+18444687397
+18444687398
+18444687399
+18444687529
+18444687666
+18444687883
+18444688223
+18444688225
+18444688244
+18444688255
+18444688305
+18444688323
+18444688325
+18444688326
+18444688327
+18444688328
+18444688333
+18444688336
+18444688337
+18444688342
+18444688346
+18444688348
+18444688353
+18444688380
+18444688382
+18444688386
+18444688399
+18444688425
+18444688437
+18444688438
+18444688468
+18444688489
+18444688666
+18444688669
+18444688739
+18444688866
+18444688932
+18444688999
+18444689433
+18444707777
+18444735263
+18444776632
+18444784371
+18444874358
+18445076082
+18445132189
+18445151587
+18445169943
+18445185239
+18445223767
+18445225633
+18445230932
+18445256366
+18445262746
+18445288555
+18445327464
+18445367273
+18445372426
+18445387739
+18445393223
+18445393244
+18445393323
+18445393425
+18445393437
+18445393438
+18445393468
+18445393489
+18445393669
+18445393866
+18445393932
+18445393999
+18445397866
+18445465922
+18445483546
+18445483739
+18445528970
+18445620424
+18445634464
+18445634536
+18445657529
+18445666655
+18445668422
+18445683463
+18445747467
+18445777764
+18445792682
+18445837448
+18445838528
+18445846246
+18445867948
+18445874837
+18445888461
+18445888462
+18445888463
+18445922753
+18445988336
+18446075008
+18446075577
+18446181544
+18446253322
+18446253327
+18446253331
+18446253336
+18446253342
+18446253344
+18446253348
+18446253362
+18446253363
+18446253373
+18446253383
+18446253739
+18446278372
+18446278425
+18446284489
+18446300933
+18446335609
+18446337832
+18446342628
+18446344426
+18446346842
+18446347829
+18446364739
+18446365463
+18446367399
+18446374342
+18446376243
+18446383549
+18446389675
+18446424235
+18446453223
+18446453255
+18446453277
+18446453323
+18446453386
+18446453437
+18446453438
+18446453468
+18446453489
+18446453666
+18446453669
+18446453739
+18446453825
+18446453866
+18446453932
+18446453999
+18446468363
+18446477537
+18446477687
+18446482508
+18446532865
+18446535900
+18446555575
+18446576976
+18446587799
+18446596742
+18446613081
+18446659304
+18446659739
+18446676464
+18446712742
+18446732429
+18446736534
+18446736537
+18446748069
+18446748172
+18446749223
+18446749225
+18446749244
+18446749255
+18446749386
+18446749425
+18446749437
+18446749438
+18446749446
+18446749489
+18446749666
+18446749669
+18446749739
+18446749866
+18446749924
+18446749999
+18446750781
+18446770538
+18446770545
+18446771994
+18446827437
+18446833429
+18446833447
+18446833523
+18446833636
+18446833739
+18446836000
+18446843154
+18446884448
+18446890209
+18446902866
+18446935478
+18446967429
+18446967436
+18446967446
+18446967448
+18446967463
+18446967465
+18446967487
+18447007399
+18447025060
+18447057598
+18447065518
+18447076753
+18447083048
+18447102625
+18447222420
+18447249222
+18447253466
+18447267746
+18447278637
+18447292773
+18447322625
+18447323663
+18447325378
+18447325739
+18447326737
+18447328748
+18447364737
+18447364739
+18447364782
+18447376783
+18447378637
+18447391111
+18447391234
+18447392229
+18447392255
+18447392263
+18447392265
+18447392273
+18447392284
+18447392329
+18447392424
+18447392426
+18447392428
+18447392639
+18447392663
+18447392668
+18447392739
+18447393283
+18447393338
+18447393733
+18447393825
+18447394378
+18447394475
+18447394653
+18447394676
+18447394739
+18447395239
+18447395347
+18447395433
+18447395463
+18447395477
+18447395483
+18447395683
+18447396253
+18447396338
+18447396659
+18447396736
+18447396833
+18447397399
+18447397529
+18447397587
+18447397666
+18447397883
+18447398223
+18447398244
+18447398255
+18447398273
+18447398326
+18447398327
+18447398386
+18447398387
+18447398425
+18447398437
+18447398446
+18447398455
+18447398463
+18447398464
+18447398466
+18447398468
+18447398488
+18447398489
+18447398587
+18447398632
+18447398666
+18447398669
+18447398677
+18447398697
+18447398739
+18447398811
+18447398816
+18447398819
+18447398820
+18447398822
+18447398866
+18447398924
+18447398932
+18447399000
+18447399001
+18447399103
+18447399111
+18447399121
+18447399123
+18447399133
+18447399165
+18447399166
+18447399168
+18447399170
+18447399173
+18447399174
+18447399175
+18447399182
+18447399211
+18447399216
+18447399220
+18447399222
+18447399225
+18447399227
+18447399229
+18447399235
+18447399242
+18447399247
+18447399248
+18447399251
+18447399255
+18447399260
+18447399263
+18447399267
+18447399268
+18447399269
+18447399272
+18447399273
+18447399276
+18447399282
+18447399283
+18447399285
+18447399287
+18447399288
+18447399296
+18447399300
+18447399303
+18447399327
+18447399328
+18447399329
+18447399333
+18447399334
+18447399336
+18447399338
+18447399342
+18447399345
+18447399348
+18447399349
+18447399359
+18447399364
+18447399366
+18447399369
+18447399373
+18447399378
+18447399380
+18447399383
+18447399386
+18447399387
+18447399388
+18447399393
+18447399399
+18447399404
+18447399405
+18447399407
+18447399414
+18447399422
+18447399425
+18447399426
+18447399427
+18447399429
+18447399433
+18447399434
+18447399440
+18447399441
+18447399443
+18447399444
+18447399447
+18447399450
+18447399452
+18447399454
+18447399460
+18447399463
+18447399464
+18447399465
+18447399467
+18447399470
+18447399473
+18447399474
+18447399475
+18447399483
+18447399484
+18447399486
+18447399489
+18447399495
+18447399496
+18447399499
+18447399502
+18447399515
+18447399518
+18447399523
+18447399525
+18447399530
+18447399532
+18447399534
+18447399539
+18447399542
+18447399543
+18447399544
+18447399547
+18447399548
+18447399556
+18447399562
+18447399565
+18447399582
+18447399583
+18447399584
+18447399585
+18447399587
+18447399588
+18447399600
+18447399624
+18447399625
+18447399628
+18447399633
+18447399636
+18447399645
+18447399648
+18447399663
+18447399669
+18447399672
+18447399675
+18447399687
+18447399692
+18447399697
+18447399737
+18447399739
+18447399745
+18447399754
+18447399755
+18447399758
+18447399763
+18447399767
+18447399783
+18447399833
+18447399872
+18447399886
+18447399892
+18447399929
+18447399944
+18447399948
+18447433849
+18447462592
+18447463373
+18447463445
+18447464507
+18447464531
+18447464532
+18447464533
+18447464535
+18447464537
+18447464544
+18447464553
+18447464555
+18447464557
+18447464563
+18447464577
+18447465547
+18447466373
+18447466374
+18447466378
+18447466379
+18447467223
+18447467244
+18447467255
+18447467386
+18447467425
+18447467437
+18447467438
+18447467446
+18447467468
+18447467489
+18447467666
+18447467669
+18447467739
+18447467932
+18447467999
+18447478022
+18447508045
+18447528468
+18447537612
+18447538696
+18447547376
+18447588223
+18447588244
+18447588255
+18447588277
+18447588286
+18447588323
+18447588386
+18447588425
+18447588438
+18447588468
+18447588489
+18447588666
+18447588669
+18447588739
+18447588999
+18447654842
+18447662623
+18447676061
+18447676082
+18447676239
+18447676253
+18447676283
+18447676286
+18447676309
+18447676316
+18447676338
+18447676375
+18447676382
+18447676383
+18447676404
+18447676422
+18447676428
+18447676429
+18447676442
+18447676472
+18447676481
+18447676482
+18447676483
+18447676485
+18447676486
+18447676487
+18447676488
+18447676492
+18447676496
+18447688223
+18447688244
+18447688323
+18447688386
+18447688425
+18447688437
+18447688438
+18447688446
+18447688468
+18447688489
+18447688493
+18447688666
+18447688669
+18447688739
+18447688866
+18447688924
+18447688932
+18447688999
+18447693699
+18447693726
+18447697432
+18447698374
+18447698585
+18447699669
+18447721074
+18447728465
+18447732878
+18447767378
+18447776253
+18447778813
+18447792442
+18447817442
+18447821358
+18447822537
+18447827837
+18447828363
+18447828722
+18447873724
+18447873778
+18447877929
+18447877936
+18447877946
+18447877948
+18447877963
+18447877987
+18447894748
+18447895259
+18447975769
+18447977569
+18447995463
+18448005282
+18448027755
+18448098473
+18448108108
+18448255121
+18448255866
+18448255966
+18448311212
+18448323542
+18448334527
+18448336937
+18448343827
+18448359861
+18448370241
+18448378422
+18448385613
+18448385616
+18448423546
+18448433785
+18448434683
+18448437625
+18448438255
+18448444765
+18448444846
+18448474553
+18448488929
+18448488936
+18448488948
+18448488963
+18448493628
+18448493653
+18448493672
+18448493678
+18448493699
+18448510318
+18448575133
+18448608021
+18448665463
+18448668966
+18448682789
+18448696396
+18448726729
+18448726736
+18448726746
+18448726748
+18448726763
+18448726765
+18448726787
+18448796874
+18448873226
+18448875391
+18448885944
+18448887739
+18448925444
+18448959113
+18448964040
+18449002286
+18449019394
+18449020252
+18449031829
+18449069631
+18449070303
+18449134040
+18449161090
+18449178328
+18449225556
+18449244765
+18449248463
+18449264477
+18449265386
+18449268968
+18449293655
+18449300101
+18449322267
+18449327287
+18449342041
+18449355598
+18449382262
+18449382539
+18449382540
+18449382541
+18449382542
+18449382544
+18449382545
+18449382546
+18449382547
+18449382548
+18449382549
+18449382552
+18449382554
+18449386292
+18449386833
+18449387783
+18449414264
+18449430779
+18449446790
+18449467223
+18449467255
+18449467346
+18449467348
+18449467365
+18449467386
+18449467425
+18449467437
+18449467438
+18449467468
+18449467489
+18449467666
+18449467669
+18449467739
+18449467866
+18449550115
+18449552742
+18449594442
+18449594446
+18449597883
+18449637792
+18449642237
+18449652321
+18449663640
+18449663647
+18449663654
+18449663660
+18449663661
+18449663665
+18449663671
+18449663689
+18449663699
+18449675394
+18449687277
+18449699995
+18449774435
+18449795925
+18449801779
+18449824622
+18449874675
+18449890959
+18449922929
+18449930813
+18449992468
+18449998336
+18452101346
+18452101356
+18452101366
+18453458858
+18453501200
+18454753333
+18454788255
+18457385319
+18474626600
+18476543333
+18478979100
+18479169000
+18482788154
+18502015500
+18502620055
+18504483389
+18504722000
+18504726264
+18506889800
+18507016265
+18542028319
+18552078487
+18552097872
+18552101010
+18552157239
+18552166525
+18552232777
+18552252623
+18552255739
+18552258046
+18552263727
+18552264277
+18552264429
+18552272739
+18552273739
+18552274223
+18552276588
+18552278368
+18552302679
+18552335325
+18552340916
+18552373999
+18552378739
+18552385818
+18552385821
+18552385824
+18552385827
+18552385833
+18552385837
+18552385838
+18552385844
+18552385846
+18552385847
+18552385854
+18552385856
+18552385862
+18552385866
+18552385869
+18552385870
+18552385873
+18552385874
+18552385877
+18552385878
+18552385879
+18552385880
+18552385882
+18552385883
+18552385893
+18552385899
+18552422874
+18552422878
+18552427788
+18552428002
+18552428047
+18552428238
+18552428247
+18552428255
+18552428363
+18552428365
+18552428373
+18552428397
+18552428440
+18552428445
+18552428546
+18552428548
+18552428568
+18552428669
+18552428793
+18552428825
+18552428872
+18552428999
+18552443454
+18552444653
+18552446373
+18552448487
+18552472769
+18552475463
+18552482429
+18552482436
+18552482446
+18552482448
+18552482463
+18552482465
+18552522534
+18552522578
+18552527466
+18552527742
+18552575757
+18552581381
+18552594900
+18552625223
+18552625244
+18552625286
+18552625323
+18552625386
+18552625425
+18552625437
+18552625438
+18552625446
+18552625468
+18552625489
+18552625666
+18552625669
+18552625739
+18552625866
+18552625872
+18552625924
+18552625932
+18552625999
+18552655958
+18552656642
+18552662225
+18552663739
+18552665452
+18552666626
+18552677672
+18552723876
+18552724483
+18552727863
+18552736444
+18552740318
+18552744774
+18552768738
+18552777399
+18552797825
+18552812382
+18552868669
+18552883277
+18552888373
+18552900398
+18552944656
+18552945341
+18552952424
+18552976666
+18553013865
+18553039945
+18553046635
+18553062589
+18553066988
+18553071390
+18553144273
+18553155346
+18553222206
+18553266669
+18553268273
+18553268274
+18553268279
+18553278074
+18553278458
+18553283546
+18553284475
+18553285239
+18553285477
+18553287399
+18553307699
+18553325377
+18553384736
+18553384746
+18553384748
+18553417655
+18553425223
+18553425244
+18553425255
+18553425277
+18553425323
+18553425386
+18553425425
+18553425437
+18553425438
+18553425446
+18553425489
+18553425666
+18553425669
+18553425739
+18553425866
+18553425924
+18553425932
+18553425999
+18553453223
+18553453255
+18553453386
+18553453425
+18553453437
+18553453446
+18553453489
+18553453666
+18553453669
+18553453739
+18553453866
+18553453924
+18553453932
+18553453999
+18553456969
+18553462623
+18553463333
+18553478742
+18553518665
+18553528292
+18553532874
+18553536662
+18553539592
+18553547462
+18553547812
+18553547824
+18553547825
+18553547837
+18553547846
+18553547860
+18553547871
+18553547873
+18553548895
+18553551664
+18553557691
+18553558477
+18553567478
+18553568665
+18553571110
+18553574577
+18553577448
+18553588973
+18553593955
+18553644633
+18553647757
+18553659262
+18553666245
+18553666248
+18553666253
+18553666281
+18553666329
+18553666336
+18553666346
+18553666348
+18553666363
+18553666365
+18553666387
+18553675333
+18553678863
+18553682666
+18553683777
+18553693904
+18553696324
+18553719812
+18553733739
+18553746588
+18553768422
+18553768427
+18553768429
+18553768436
+18553768446
+18553768448
+18553784223
+18553788955
+18553821310
+18553825223
+18553825225
+18553825244
+18553825255
+18553825277
+18553825323
+18553825386
+18553825425
+18553825429
+18553825438
+18553825446
+18553825464
+18553825468
+18553825484
+18553825489
+18553825636
+18553825666
+18553825669
+18553825692
+18553825739
+18553825866
+18553825924
+18553825932
+18553825999
+18553835728
+18553852645
+18553862428
+18553873242
+18553876732
+18553877924
+18553883849
+18553895487
+18553932884
+18553965773
+18553969344
+18553978651
+18553979433
+18554005297
+18554021212
+18554032512
+18554049900
+18554071608
+18554076842
+18554093027
+18554139000
+18554247366
+18554260114
+18554263752
+18554267866
+18554273848
+18554286918
+18554291234
+18554292428
+18554292662
+18554293283
+18554293284
+18554293733
+18554293825
+18554295459
+18554295463
+18554295465
+18554295483
+18554296253
+18554297399
+18554297666
+18554298487
+18554337088
+18554345335
+18554383478
+18554385239
+18554385243
+18554385898
+18554440000
+18554442424
+18554442428
+18554469857
+18554472432
+18554475739
+18554484765
+18554488935
+18554496896
+18554508926
+18554554664
+18554558787
+18554596225
+18554612286
+18554630091
+18554633736
+18554636266
+18554646968
+18554646969
+18554663736
+18554663787
+18554665877
+18554666253
+18554674944
+18554676911
+18554676921
+18554676924
+18554676926
+18554676939
+18554676940
+18554676943
+18554676944
+18554676948
+18554676950
+18554676954
+18554676956
+18554676962
+18554676965
+18554676966
+18554676967
+18554676969
+18554676973
+18554676987
+18554676991
+18554677683
+18554682229
+18554682428
+18554682432
+18554682663
+18554682668
+18554683283
+18554683338
+18554683746
+18554683825
+18554684475
+18554684653
+18554684673
+18554684676
+18554684747
+18554685239
+18554685347
+18554685463
+18554685465
+18554685477
+18554685683
+18554686253
+18554686833
+18554687394
+18554687397
+18554687398
+18554687399
+18554687448
+18554687666
+18554687883
+18554688223
+18554688244
+18554688255
+18554688305
+18554688323
+18554688325
+18554688326
+18554688327
+18554688328
+18554688333
+18554688336
+18554688337
+18554688342
+18554688346
+18554688348
+18554688353
+18554688380
+18554688382
+18554688386
+18554688399
+18554688425
+18554688437
+18554688438
+18554688468
+18554688489
+18554688666
+18554688669
+18554688739
+18554688866
+18554688932
+18554688999
+18554689433
+18554733248
+18554739244
+18554774029
+18554835872
+18554874726
+18554897446
+18554927448
+18554953890
+18554965401
+18554983634
+18554989554
+18554998464
+18555082266
+18555105197
+18555185239
+18555223767
+18555225633
+18555234255
+18555238611
+18555239739
+18555239907
+18555252674
+18555256366
+18555288555
+18555327464
+18555327646
+18555335446
+18555346452
+18555372426
+18555383825
+18555387739
+18555393223
+18555393244
+18555393323
+18555393425
+18555393437
+18555393438
+18555393468
+18555393489
+18555393669
+18555393866
+18555393932
+18555393999
+18555427279
+18555433789
+18555462656
+18555465922
+18555480920
+18555483739
+18555488155
+18555489020
+18555489334
+18555616479
+18555620424
+18555624266
+18555644663
+18555657529
+18555666655
+18555683739
+18555742414
+18555747467
+18555774429
+18555777764
+18555873010
+18555888461
+18555888462
+18555888463
+18555967619
+18555988336
+18556009276
+18556070061
+18556116564
+18556145785
+18556146670
+18556253322
+18556253327
+18556253331
+18556253336
+18556253342
+18556253344
+18556253348
+18556253362
+18556253363
+18556253373
+18556253383
+18556284489
+18556335609
+18556342628
+18556347829
+18556356283
+18556362636
+18556364636
+18556364739
+18556365463
+18556367399
+18556367666
+18556372879
+18556373959
+18556383549
+18556393645
+18556425748
+18556453223
+18556453255
+18556453323
+18556453386
+18556453437
+18556453438
+18556453468
+18556453489
+18556453666
+18556453669
+18556453739
+18556453825
+18556453866
+18556453932
+18556453999
+18556472253
+18556477537
+18556526094
+18556542833
+18556596742
+18556645856
+18556655341
+18556659739
+18556661234
+18556664475
+18556664867
+18556672632
+18556679356
+18556686729
+18556695871
+18556712742
+18556732429
+18556736534
+18556736537
+18556748069
+18556749223
+18556749244
+18556749255
+18556749386
+18556749425
+18556749426
+18556749437
+18556749438
+18556749446
+18556749489
+18556749666
+18556749669
+18556749739
+18556749866
+18556749924
+18556749999
+18556750781
+18556770538
+18556770540
+18556770545
+18556827437
+18556833429
+18556833447
+18556833523
+18556833636
+18556833739
+18556843154
+18556843551
+18556845411
+18556851815
+18556884448
+18556902866
+18556920578
+18556967429
+18556967436
+18556967446
+18556967448
+18556967463
+18556967465
+18556967487
+18557007399
+18557081523
+18557083048
+18557093280
+18557102625
+18557170250
+18557173266
+18557192000
+18557213647
+18557222420
+18557246475
+18557249222
+18557252743
+18557264898
+18557274757
+18557277675
+18557292773
+18557315624
+18557323464
+18557325739
+18557325867
+18557328853
+18557354225
+18557364677
+18557364737
+18557364739
+18557364782
+18557373783
+18557391111
+18557391234
+18557392229
+18557392255
+18557392263
+18557392265
+18557392273
+18557392284
+18557392329
+18557392424
+18557392426
+18557392428
+18557392639
+18557392663
+18557392668
+18557392739
+18557393338
+18557393733
+18557393825
+18557394378
+18557394475
+18557394653
+18557394676
+18557394739
+18557395239
+18557395347
+18557395433
+18557395463
+18557395477
+18557395483
+18557395683
+18557396253
+18557396338
+18557396659
+18557396736
+18557396833
+18557397529
+18557397587
+18557397666
+18557397883
+18557398223
+18557398244
+18557398255
+18557398326
+18557398386
+18557398424
+18557398425
+18557398437
+18557398446
+18557398468
+18557398489
+18557398493
+18557398666
+18557398669
+18557398739
+18557398866
+18557398916
+18557398924
+18557398932
+18557399000
+18557399001
+18557399103
+18557399111
+18557399121
+18557399123
+18557399133
+18557399165
+18557399166
+18557399168
+18557399170
+18557399173
+18557399174
+18557399175
+18557399182
+18557399211
+18557399216
+18557399220
+18557399222
+18557399225
+18557399227
+18557399229
+18557399235
+18557399242
+18557399247
+18557399248
+18557399251
+18557399255
+18557399260
+18557399263
+18557399267
+18557399268
+18557399269
+18557399272
+18557399273
+18557399276
+18557399282
+18557399283
+18557399285
+18557399287
+18557399288
+18557399296
+18557399300
+18557399303
+18557399327
+18557399328
+18557399329
+18557399333
+18557399334
+18557399336
+18557399338
+18557399342
+18557399345
+18557399348
+18557399349
+18557399359
+18557399364
+18557399366
+18557399369
+18557399373
+18557399378
+18557399380
+18557399383
+18557399386
+18557399387
+18557399388
+18557399393
+18557399399
+18557399404
+18557399405
+18557399407
+18557399414
+18557399422
+18557399425
+18557399426
+18557399427
+18557399429
+18557399433
+18557399434
+18557399440
+18557399441
+18557399443
+18557399444
+18557399450
+18557399452
+18557399454
+18557399460
+18557399463
+18557399464
+18557399465
+18557399467
+18557399470
+18557399473
+18557399474
+18557399475
+18557399483
+18557399484
+18557399486
+18557399489
+18557399495
+18557399496
+18557399499
+18557399502
+18557399515
+18557399518
+18557399523
+18557399525
+18557399530
+18557399532
+18557399534
+18557399539
+18557399542
+18557399543
+18557399544
+18557399548
+18557399556
+18557399562
+18557399565
+18557399582
+18557399583
+18557399584
+18557399585
+18557399587
+18557399588
+18557399600
+18557399624
+18557399625
+18557399628
+18557399633
+18557399636
+18557399645
+18557399648
+18557399663
+18557399669
+18557399672
+18557399675
+18557399687
+18557399692
+18557399697
+18557399737
+18557399739
+18557399745
+18557399754
+18557399755
+18557399758
+18557399763
+18557399767
+18557399783
+18557399833
+18557399872
+18557399886
+18557399892
+18557399929
+18557399944
+18557399948
+18557431119
+18557433849
+18557463373
+18557463445
+18557464507
+18557464531
+18557464532
+18557464533
+18557464535
+18557464537
+18557464544
+18557464553
+18557464555
+18557464557
+18557464563
+18557464577
+18557465547
+18557466322
+18557466326
+18557466374
+18557466378
+18557466379
+18557467223
+18557467244
+18557467255
+18557467386
+18557467425
+18557467437
+18557467438
+18557467446
+18557467468
+18557467478
+18557467489
+18557467548
+18557467666
+18557467669
+18557467737
+18557467739
+18557467932
+18557467999
+18557478022
+18557484814
+18557508045
+18557528468
+18557588223
+18557588225
+18557588244
+18557588255
+18557588286
+18557588323
+18557588386
+18557588425
+18557588438
+18557588468
+18557588489
+18557588666
+18557588669
+18557588729
+18557588739
+18557588999
+18557603085
+18557623562
+18557654842
+18557662623
+18557663869
+18557671785
+18557676061
+18557676082
+18557676239
+18557676253
+18557676283
+18557676286
+18557676309
+18557676316
+18557676338
+18557676375
+18557676382
+18557676383
+18557676404
+18557676422
+18557676428
+18557676429
+18557676442
+18557676472
+18557676481
+18557676482
+18557676483
+18557676485
+18557676486
+18557676487
+18557676488
+18557676492
+18557676496
+18557676825
+18557678953
+18557688223
+18557688244
+18557688323
+18557688386
+18557688425
+18557688437
+18557688438
+18557688446
+18557688468
+18557688489
+18557688493
+18557688666
+18557688669
+18557688739
+18557688866
+18557688924
+18557688932
+18557688999
+18557693699
+18557699669
+18557728465
+18557734499
+18557736486
+18557737433
+18557748283
+18557756215
+18557777286
+18557792442
+18557797979
+18557822377
+18557833741
+18557837389
+18557866923
+18557873223
+18557877929
+18557877936
+18557877938
+18557877946
+18557877948
+18557877963
+18557877987
+18557886957
+18557894748
+18557895259
+18557945411
+18557957395
+18557995463
+18558005282
+18558041880
+18558108108
+18558252668
+18558255263
+18558255739
+18558255866
+18558255966
+18558256776
+18558311212
+18558322437
+18558331055
+18558336848
+18558336937
+18558338308
+18558359861
+18558380404
+18558385613
+18558385616
+18558423546
+18558437625
+18558438255
+18558438493
+18558444765
+18558444846
+18558482646
+18558484478
+18558488929
+18558488936
+18558488948
+18558488963
+18558493628
+18558493653
+18558493672
+18558493678
+18558493699
+18558510318
+18558533352
+18558552428
+18558563434
+18558568636
+18558575133
+18558584628
+18558594662
+18558618697
+18558642637
+18558646565
+18558684475
+18558686014
+18558705562
+18558724646
+18558726729
+18558726736
+18558726739
+18558726746
+18558726748
+18558726763
+18558726765
+18558726787
+18558763978
+18558770538
+18558793733
+18558868985
+18558875391
+18558876636
+18558887739
+18558925444
+18558974739
+18559000544
+18559005044
+18559016896
+18559021121
+18559022121
+18559053202
+18559058080
+18559069631
+18559070303
+18559071010
+18559095050
+18559099435
+18559134040
+18559161090
+18559161100
+18559178328
+18559244765
+18559248463
+18559268968
+18559276739
+18559293655
+18559300101
+18559327287
+18559346645
+18559355598
+18559365465
+18559382262
+18559382539
+18559382540
+18559382541
+18559382542
+18559382544
+18559382545
+18559382546
+18559382547
+18559382548
+18559382549
+18559382552
+18559382554
+18559386292
+18559386833
+18559387783
+18559467223
+18559467255
+18559467346
+18559467348
+18559467365
+18559467386
+18559467425
+18559467437
+18559467438
+18559467468
+18559467489
+18559467666
+18559467669
+18559467739
+18559467866
+18559468277
+18559475465
+18559484788
+18559495465
+18559544885
+18559552742
+18559565465
+18559594442
+18559594446
+18559597883
+18559637792
+18559642095
+18559642237
+18559663640
+18559663647
+18559663654
+18559663660
+18559663661
+18559663665
+18559663671
+18559663689
+18559663699
+18559668665
+18559675563
+18559685575
+18559687277
+18559721210
+18559722699
+18559724661
+18559726701
+18559727944
+18559757874
+18559768655
+18559780313
+18559795925
+18559824622
+18559874675
+18559927846
+18559930253
+18559930584
+18559930610
+18559930813
+18559945698
+18559998255
+18559998336
+18564128888
+18565363333
+18567739263
+18572093590
+18572231666
+18572320022
+18572320024
+18572504130
+18572628241
+18572770209
+18573005955
+18573627211
+18573665546
+18573665547
+18573667520
+18573667618
+18575046935
+18582791988
+18583006900
+18584950777
+18585058117
+18585600680
+18585719999
+18586892856
+18592265413
+18593176388
+18598990002
+18598998888
+18599633500
+18599633939
+18602189812
+18606560155
+18607560700
+18608215600
+18608565330
+18609207552
+18609207561
+18609474597
+18622296652
+18622530008
+18634503200
+18638553880
+18642084000
+18642766600
+18644424444
+18646404062
+18646404642
+18646531639
+18647774412
+18649200193
+18649324444
+18652460478
+18652926000
+18652933333
+18652995496
+18658165555
+18658626202
+18658626262
+18662075358
+18662078487
+18662101010
+18662205703
+18662207732
+18662224336
+18662226695
+18662228957
+18662232777
+18662234848
+18662250244
+18662255739
+18662265600
+18662272739
+18662273225
+18662273739
+18662302213
+18662330538
+18662335325
+18662340916
+18662363348
+18662378739
+18662378767
+18662384767
+18662385818
+18662385821
+18662385824
+18662385827
+18662385833
+18662385837
+18662385838
+18662385844
+18662385846
+18662385847
+18662385854
+18662385856
+18662385862
+18662385866
+18662385869
+18662385870
+18662385873
+18662385874
+18662385877
+18662385878
+18662385879
+18662385880
+18662385882
+18662385883
+18662385893
+18662385899
+18662392527
+18662392652
+18662405433
+18662408954
+18662422874
+18662422878
+18662427788
+18662428002
+18662428047
+18662428238
+18662428255
+18662428269
+18662428363
+18662428365
+18662428373
+18662428386
+18662428397
+18662428440
+18662428445
+18662428478
+18662428546
+18662428548
+18662428568
+18662428669
+18662428793
+18662428825
+18662428872
+18662428999
+18662433222
+18662442625
+18662443454
+18662445977
+18662446458
+18662472769
+18662475463
+18662477424
+18662482429
+18662482436
+18662482446
+18662482448
+18662482463
+18662482465
+18662482832
+18662493146
+18662502775
+18662511500
+18662513742
+18662517584
+18662522458
+18662522534
+18662533103
+18662548990
+18662558647
+18662562622
+18662575757
+18662594900
+18662625223
+18662625244
+18662625323
+18662625386
+18662625425
+18662625437
+18662625438
+18662625446
+18662625458
+18662625468
+18662625489
+18662625537
+18662625666
+18662625669
+18662625739
+18662625848
+18662625866
+18662625872
+18662625878
+18662625924
+18662625932
+18662625999
+18662642084
+18662663243
+18662666626
+18662667378
+18662667883
+18662667976
+18662678438
+18662694475
+18662739769
+18662744774
+18662768738
+18662777399
+18662788793
+18662797825
+18662812382
+18662844125
+18662866663
+18662868669
+18662875342
+18662883277
+18662888225
+18662890801
+18662948800
+18662966293
+18662976666
+18662989800
+18662998487
+18663039945
+18663046635
+18663046700
+18663071390
+18663074328
+18663144273
+18663172043
+18663210064
+18663218064
+18663228688
+18663247437
+18663264854
+18663268273
+18663268274
+18663268279
+18663273326
+18663278074
+18663278458
+18663283338
+18663283425
+18663283546
+18663284475
+18663285239
+18663285347
+18663285477
+18663307699
+18663325293
+18663334475
+18663335347
+18663342477
+18663377274
+18663384736
+18663384746
+18663384748
+18663425223
+18663425244
+18663425255
+18663425323
+18663425386
+18663425425
+18663425437
+18663425438
+18663425446
+18663425489
+18663425666
+18663425669
+18663425739
+18663425866
+18663425924
+18663425932
+18663425999
+18663446772
+18663453223
+18663453255
+18663453386
+18663453425
+18663453437
+18663453446
+18663453489
+18663453666
+18663453669
+18663453739
+18663453866
+18663453924
+18663453932
+18663453999
+18663456969
+18663463333
+18663465686
+18663477529
+18663518665
+18663519586
+18663526890
+18663547812
+18663547824
+18663547825
+18663547837
+18663547846
+18663547860
+18663547871
+18663547873
+18663551664
+18663571110
+18663575555
+18663577776
+18663585811
+18663588973
+18663647757
+18663666245
+18663666248
+18663666253
+18663666281
+18663666329
+18663666336
+18663666346
+18663666348
+18663666363
+18663666365
+18663666387
+18663667954
+18663675333
+18663675543
+18663676846
+18663677253
+18663687505
+18663710543
+18663715643
+18663716543
+18663728328
+18663733739
+18663737416
+18663742876
+18663768378
+18663768422
+18663768427
+18663768429
+18663768436
+18663768446
+18663768448
+18663769711
+18663782837
+18663785776
+18663786776
+18663825223
+18663825225
+18663825244
+18663825255
+18663825323
+18663825386
+18663825425
+18663825429
+18663825438
+18663825446
+18663825464
+18663825468
+18663825484
+18663825489
+18663825636
+18663825666
+18663825669
+18663825692
+18663825739
+18663825746
+18663825866
+18663825872
+18663825924
+18663825932
+18663825999
+18663831013
+18663847052
+18663913835
+18663965463
+18663984422
+18663990778
+18663997078
+18664020400
+18664021212
+18664049900
+18664071608
+18664076842
+18664139000
+18664149185
+18664150248
+18664222378
+18664231271
+18664242697
+18664260114
+18664273848
+18664273872
+18664275628
+18664278944
+18664291234
+18664292428
+18664292662
+18664293283
+18664293284
+18664293661
+18664293733
+18664293825
+18664295459
+18664295463
+18664295465
+18664295483
+18664296253
+18664297399
+18664297666
+18664298487
+18664300168
+18664337088
+18664354399
+18664372944
+18664379763
+18664383478
+18664385239
+18664385243
+18664385898
+18664399896
+18664417170
+18664440000
+18664442424
+18664442428
+18664448616
+18664472432
+18664475739
+18664484765
+18664488935
+18664499395
+18664598333
+18664612286
+18664616373
+18664630091
+18664632399
+18664646968
+18664646969
+18664665877
+18664666253
+18664676911
+18664676921
+18664676924
+18664676926
+18664676939
+18664676940
+18664676943
+18664676944
+18664676948
+18664676950
+18664676954
+18664676956
+18664676962
+18664676965
+18664676966
+18664676967
+18664676969
+18664676973
+18664676987
+18664676991
+18664682229
+18664682428
+18664682432
+18664682663
+18664682668
+18664683283
+18664683338
+18664683425
+18664683825
+18664684475
+18664684653
+18664684669
+18664684673
+18664684676
+18664684747
+18664684897
+18664685239
+18664685347
+18664685397
+18664685437
+18664685463
+18664685465
+18664685477
+18664685683
+18664686253
+18664686283
+18664686505
+18664686833
+18664687394
+18664687397
+18664687398
+18664687399
+18664687666
+18664687676
+18664687883
+18664688223
+18664688244
+18664688255
+18664688286
+18664688305
+18664688323
+18664688325
+18664688326
+18664688327
+18664688328
+18664688333
+18664688336
+18664688337
+18664688342
+18664688346
+18664688348
+18664688353
+18664688380
+18664688382
+18664688386
+18664688399
+18664688425
+18664688437
+18664688438
+18664688468
+18664688487
+18664688489
+18664688666
+18664688669
+18664688739
+18664688866
+18664688932
+18664688999
+18664689433
+18664699043
+18664723338
+18664727835
+18664730100
+18664739244
+18664774761
+18664797263
+18664835872
+18664843292
+18664848394
+18664869888
+18664876228
+18664878537
+18664880809
+18664884229
+18664933910
+18664937699
+18665074255
+18665076082
+18665078283
+18665079588
+18665093425
+18665162245
+18665171439
+18665185239
+18665203696
+18665223756
+18665223767
+18665225633
+18665245798
+18665249167
+18665249958
+18665256366
+18665262746
+18665273899
+18665283202
+18665288555
+18665344688
+18665367691
+18665372426
+18665387739
+18665393223
+18665393244
+18665393323
+18665393425
+18665393437
+18665393438
+18665393468
+18665393489
+18665393669
+18665393866
+18665393932
+18665393999
+18665406276
+18665406662
+18665427423
+18665447111
+18665465282
+18665465922
+18665483546
+18665483739
+18665527942
+18665580493
+18665589388
+18665616512
+18665616725
+18665620424
+18665625345
+18665630567
+18665633786
+18665642677
+18665657529
+18665683739
+18665726725
+18665731623
+18665748593
+18665759272
+18665765825
+18665777764
+18665788103
+18665788845
+18665805225
+18665813867
+18665827499
+18665838528
+18665841372
+18665878739
+18665882764
+18665884229
+18665884688
+18665888461
+18665888462
+18665888463
+18665922753
+18665938306
+18665983575
+18665988336
+18666004553
+18666049749
+18666053016
+18666063365
+18666227806
+18666238741
+18666253322
+18666253327
+18666253331
+18666253336
+18666253342
+18666253344
+18666253348
+18666253362
+18666253363
+18666253373
+18666253383
+18666278425
+18666279569
+18666279823
+18666284489
+18666285995
+18666335609
+18666342628
+18666347829
+18666361359
+18666362636
+18666364636
+18666365463
+18666367399
+18666367666
+18666383549
+18666384684
+18666432029
+18666453223
+18666453255
+18666453323
+18666453386
+18666453437
+18666453438
+18666453468
+18666453489
+18666453666
+18666453669
+18666453739
+18666453825
+18666453866
+18666453932
+18666453999
+18666459739
+18666462696
+18666463271
+18666477537
+18666494852
+18666596742
+18666611831
+18666624536
+18666659739
+18666662428
+18666663825
+18666664475
+18666665425
+18666668787
+18666686729
+18666686824
+18666712742
+18666736534
+18666736537
+18666748069
+18666749223
+18666749244
+18666749255
+18666749386
+18666749425
+18666749426
+18666749437
+18666749438
+18666749446
+18666749489
+18666749666
+18666749669
+18666749739
+18666749866
+18666749924
+18666749999
+18666750781
+18666762354
+18666770538
+18666770545
+18666783674
+18666812662
+18666827437
+18666833429
+18666833447
+18666833523
+18666833636
+18666833739
+18666836000
+18666843154
+18666872878
+18666884448
+18666890209
+18666897706
+18666902866
+18666903001
+18666929937
+18666935500
+18666967429
+18666967436
+18666967446
+18666967448
+18666967463
+18666967465
+18666967487
+18666969997
+18666997969
+18667007399
+18667041375
+18667083048
+18667102625
+18667184930
+18667238628
+18667249222
+18667256254
+18667263739
+18667267456
+18667274757
+18667284929
+18667292773
+18667298720
+18667325739
+18667328748
+18667334626
+18667364100
+18667364200
+18667364500
+18667364737
+18667364739
+18667364782
+18667382965
+18667384448
+18667391111
+18667391234
+18667392229
+18667392255
+18667392263
+18667392265
+18667392273
+18667392284
+18667392329
+18667392424
+18667392426
+18667392428
+18667392639
+18667392663
+18667392668
+18667392739
+18667393283
+18667393338
+18667393825
+18667394283
+18667394378
+18667394475
+18667394653
+18667394676
+18667394739
+18667395239
+18667395347
+18667395425
+18667395433
+18667395463
+18667395477
+18667395483
+18667395683
+18667396253
+18667396338
+18667396659
+18667396736
+18667396833
+18667397399
+18667397448
+18667397587
+18667397666
+18667397883
+18667398223
+18667398226
+18667398244
+18667398253
+18667398255
+18667398257
+18667398326
+18667398336
+18667398378
+18667398386
+18667398387
+18667398398
+18667398425
+18667398436
+18667398437
+18667398442
+18667398443
+18667398446
+18667398466
+18667398468
+18667398489
+18667398493
+18667398666
+18667398669
+18667398692
+18667398694
+18667398698
+18667398739
+18667398788
+18667398866
+18667398887
+18667398924
+18667398932
+18667399000
+18667399001
+18667399103
+18667399111
+18667399121
+18667399123
+18667399133
+18667399165
+18667399166
+18667399168
+18667399170
+18667399173
+18667399174
+18667399175
+18667399182
+18667399211
+18667399216
+18667399220
+18667399222
+18667399225
+18667399227
+18667399229
+18667399235
+18667399242
+18667399247
+18667399248
+18667399251
+18667399255
+18667399260
+18667399263
+18667399267
+18667399268
+18667399269
+18667399272
+18667399273
+18667399276
+18667399282
+18667399283
+18667399285
+18667399287
+18667399288
+18667399296
+18667399300
+18667399303
+18667399327
+18667399328
+18667399329
+18667399333
+18667399334
+18667399336
+18667399338
+18667399342
+18667399345
+18667399348
+18667399349
+18667399359
+18667399364
+18667399366
+18667399369
+18667399373
+18667399378
+18667399380
+18667399383
+18667399386
+18667399387
+18667399388
+18667399393
+18667399399
+18667399404
+18667399405
+18667399407
+18667399414
+18667399422
+18667399425
+18667399426
+18667399427
+18667399429
+18667399433
+18667399434
+18667399440
+18667399441
+18667399443
+18667399444
+18667399450
+18667399452
+18667399454
+18667399460
+18667399463
+18667399464
+18667399465
+18667399467
+18667399470
+18667399473
+18667399474
+18667399475
+18667399483
+18667399484
+18667399486
+18667399489
+18667399495
+18667399496
+18667399499
+18667399502
+18667399515
+18667399518
+18667399523
+18667399525
+18667399530
+18667399532
+18667399534
+18667399539
+18667399542
+18667399543
+18667399544
+18667399547
+18667399548
+18667399556
+18667399562
+18667399565
+18667399582
+18667399583
+18667399584
+18667399585
+18667399587
+18667399588
+18667399600
+18667399624
+18667399625
+18667399628
+18667399633
+18667399636
+18667399645
+18667399648
+18667399663
+18667399669
+18667399672
+18667399675
+18667399687
+18667399692
+18667399697
+18667399737
+18667399739
+18667399745
+18667399754
+18667399755
+18667399758
+18667399763
+18667399767
+18667399783
+18667399833
+18667399848
+18667399872
+18667399886
+18667399892
+18667399929
+18667399944
+18667399948
+18667446288
+18667463373
+18667463445
+18667464507
+18667464531
+18667464532
+18667464533
+18667464535
+18667464537
+18667464544
+18667464553
+18667464555
+18667464557
+18667464563
+18667464577
+18667465277
+18667465547
+18667466374
+18667466378
+18667466379
+18667467223
+18667467244
+18667467255
+18667467386
+18667467425
+18667467437
+18667467438
+18667467446
+18667467468
+18667467489
+18667467666
+18667467669
+18667467739
+18667467932
+18667467999
+18667478022
+18667508045
+18667515333
+18667527842
+18667577325
+18667587739
+18667588223
+18667588225
+18667588244
+18667588255
+18667588323
+18667588386
+18667588425
+18667588438
+18667588468
+18667588489
+18667588666
+18667588669
+18667588739
+18667588999
+18667623562
+18667658249
+18667662623
+18667672321
+18667674023
+18667676061
+18667676082
+18667676239
+18667676253
+18667676283
+18667676286
+18667676309
+18667676316
+18667676338
+18667676375
+18667676382
+18667676383
+18667676404
+18667676422
+18667676428
+18667676429
+18667676442
+18667676472
+18667676481
+18667676482
+18667676483
+18667676485
+18667676486
+18667676487
+18667676488
+18667676492
+18667676496
+18667676669
+18667679589
+18667681746
+18667688223
+18667688244
+18667688323
+18667688386
+18667688425
+18667688437
+18667688438
+18667688446
+18667688468
+18667688489
+18667688666
+18667688669
+18667688739
+18667688866
+18667688924
+18667688932
+18667688999
+18667693699
+18667698374
+18667726059
+18667732473
+18667737273
+18667738368
+18667777286
+18667792442
+18667865268
+18667871079
+18667872427
+18667874763
+18667877928
+18667877929
+18667877936
+18667877938
+18667877944
+18667877946
+18667877948
+18667877954
+18667877963
+18667877964
+18667877966
+18667877974
+18667877975
+18667877977
+18667877987
+18667895259
+18667963749
+18667963988
+18667968333
+18667973464
+18667978125
+18667995463
+18668005282
+18668007739
+18668058700
+18668072437
+18668075566
+18668108108
+18668159697
+18668183904
+18668211417
+18668220891
+18668253688
+18668255263
+18668255709
+18668255739
+18668255966
+18668311212
+18668326739
+18668334527
+18668336277
+18668336905
+18668336937
+18668355755
+18668371602
+18668376102
+18668385612
+18668385613
+18668385616
+18668408487
+18668423546
+18668428252
+18668438255
+18668438493
+18668443615
+18668444075
+18668444765
+18668444846
+18668462277
+18668482548
+18668488929
+18668488936
+18668488948
+18668488963
+18668493628
+18668493653
+18668493672
+18668493678
+18668493699
+18668510318
+18668552229
+18668563434
+18668575133
+18668597355
+18668650565
+18668676686
+18668696356
+18668722265
+18668726729
+18668726736
+18668726739
+18668726746
+18668726748
+18668726763
+18668726765
+18668726787
+18668735463
+18668736102
+18668748836
+18668749650
+18668776539
+18668790238
+18668796874
+18668836641
+18668875391
+18668876636
+18668887399
+18668887739
+18668899096
+18668953494
+18668956809
+18668963673
+18669069631
+18669070303
+18669134040
+18669161090
+18669178328
+18669244765
+18669248463
+18669252438
+18669257488
+18669268968
+18669282448
+18669285687
+18669293655
+18669300101
+18669300749
+18669324642
+18669328894
+18669332928
+18669333464
+18669335363
+18669346645
+18669347687
+18669355598
+18669378376
+18669382262
+18669382539
+18669382540
+18669382541
+18669382542
+18669382544
+18669382545
+18669382546
+18669382547
+18669382548
+18669382549
+18669382552
+18669382554
+18669383063
+18669385282
+18669386292
+18669386833
+18669387783
+18669388336
+18669388487
+18669433420
+18669433739
+18669445544
+18669450058
+18669451536
+18669452334
+18669467223
+18669467255
+18669467346
+18669467348
+18669467365
+18669467386
+18669467425
+18669467437
+18669467438
+18669467468
+18669467489
+18669467666
+18669467669
+18669467739
+18669467866
+18669468277
+18669473537
+18669510726
+18669511726
+18669552742
+18669594442
+18669594446
+18669597883
+18669637792
+18669640300
+18669663640
+18669663647
+18669663654
+18669663660
+18669663661
+18669663665
+18669663671
+18669663689
+18669663699
+18669665425
+18669687277
+18669693494
+18669703083
+18669703500
+18669757825
+18669777265
+18669795925
+18669797883
+18669824622
+18669874675
+18669892868
+18669897883
+18669901094
+18669911537
+18669919388
+18669922929
+18669930813
+18669937588
+18669955331
+18669955684
+18669995463
+18669998336
+18672923067
+18706483333
+18722051285
+18728008000
+18768197788
+18772019388
+18772078487
+18772084254
+18772101010
+18772193355
+18772222625
+18772225483
+18772232777
+18772234848
+18772235748
+18772255739
+18772264429
+18772272739
+18772278368
+18772278666
+18772297399
+18772300752
+18772314466
+18772319932
+18772328885
+18772334373
+18772340916
+18772373999
+18772378222
+18772378739
+18772385818
+18772385821
+18772385824
+18772385827
+18772385833
+18772385837
+18772385838
+18772385844
+18772385846
+18772385847
+18772385854
+18772385856
+18772385862
+18772385866
+18772385869
+18772385870
+18772385873
+18772385874
+18772385877
+18772385878
+18772385879
+18772385880
+18772385882
+18772385883
+18772385893
+18772385899
+18772388278
+18772397897
+18772405433
+18772422874
+18772422878
+18772427788
+18772428002
+18772428047
+18772428238
+18772428255
+18772428269
+18772428363
+18772428365
+18772428373
+18772428397
+18772428440
+18772428445
+18772428546
+18772428548
+18772428568
+18772428669
+18772428739
+18772428793
+18772428810
+18772428815
+18772428825
+18772428872
+18772428999
+18772429253
+18772434625
+18772443425
+18772444653
+18772472769
+18772473742
+18772475463
+18772482429
+18772482436
+18772482446
+18772482448
+18772482463
+18772482465
+18772484936
+18772522534
+18772527742
+18772558647
+18772575757
+18772586749
+18772594900
+18772619030
+18772625223
+18772625244
+18772625286
+18772625323
+18772625386
+18772625425
+18772625437
+18772625438
+18772625446
+18772625468
+18772625489
+18772625666
+18772625669
+18772625739
+18772625866
+18772625924
+18772625932
+18772625999
+18772642084
+18772663243
+18772666626
+18772668463
+18772677672
+18772686221
+18772747655
+18772762392
+18772768738
+18772773825
+18772774653
+18772776359
+18772777399
+18772778336
+18772783425
+18772793838
+18772812382
+18772828472
+18772833846
+18772868669
+18772869422
+18772875342
+18772883277
+18772886668
+18772892559
+18772926969
+18772976666
+18773005624
+18773008375
+18773033825
+18773039435
+18773039945
+18773046635
+18773052240
+18773054937
+18773071390
+18773133533
+18773144273
+18773241831
+18773258714
+18773259793
+18773268273
+18773268274
+18773268279
+18773278074
+18773283278
+18773283338
+18773283546
+18773284475
+18773285239
+18773285347
+18773285373
+18773285477
+18773287399
+18773288238
+18773302668
+18773307699
+18773325293
+18773325523
+18773378462
+18773384736
+18773384746
+18773384748
+18773423784
+18773425223
+18773425244
+18773425255
+18773425323
+18773425386
+18773425425
+18773425437
+18773425438
+18773425446
+18773425489
+18773425666
+18773425669
+18773425739
+18773425866
+18773425924
+18773425932
+18773425999
+18773447398
+18773453223
+18773453255
+18773453386
+18773453425
+18773453437
+18773453446
+18773453489
+18773453666
+18773453669
+18773453739
+18773453866
+18773453924
+18773453932
+18773453999
+18773455918
+18773456969
+18773473836
+18773487449
+18773518665
+18773532876
+18773547812
+18773547824
+18773547825
+18773547837
+18773547846
+18773547860
+18773547871
+18773547873
+18773548207
+18773551664
+18773558984
+18773566746
+18773566800
+18773568665
+18773571110
+18773575555
+18773588973
+18773642740
+18773647757
+18773666245
+18773666248
+18773666253
+18773666329
+18773666336
+18773666344
+18773666346
+18773666348
+18773666363
+18773666365
+18773666387
+18773675333
+18773676846
+18773686824
+18773696324
+18773728328
+18773733222
+18773733739
+18773733782
+18773748464
+18773768422
+18773768427
+18773768429
+18773768436
+18773768446
+18773768448
+18773776633
+18773778597
+18773786776
+18773792543
+18773825223
+18773825225
+18773825233
+18773825244
+18773825255
+18773825286
+18773825323
+18773825386
+18773825425
+18773825427
+18773825428
+18773825429
+18773825437
+18773825438
+18773825446
+18773825464
+18773825468
+18773825484
+18773825489
+18773825565
+18773825636
+18773825666
+18773825669
+18773825692
+18773825739
+18773825848
+18773825852
+18773825863
+18773825866
+18773825878
+18773825924
+18773825932
+18773825968
+18773825999
+18773835728
+18773863283
+18773877924
+18773906677
+18773937241
+18773958449
+18773977678
+18773992023
+18774020400
+18774021212
+18774049900
+18774071608
+18774076842
+18774094480
+18774098881
+18774102474
+18774121268
+18774139000
+18774166156
+18774202298
+18774215613
+18774222378
+18774224592
+18774242697
+18774260114
+18774263296
+18774273286
+18774278378
+18774278944
+18774291234
+18774292428
+18774292662
+18774293283
+18774293284
+18774293661
+18774293733
+18774293825
+18774295459
+18774295463
+18774295465
+18774295483
+18774296253
+18774297399
+18774297666
+18774298487
+18774306626
+18774315059
+18774326829
+18774328377
+18774337088
+18774379731
+18774383478
+18774385239
+18774385243
+18774385600
+18774440000
+18774442424
+18774442428
+18774445564
+18774475739
+18774484765
+18774488934
+18774488935
+18774488942
+18774505897
+18774533654
+18774548243
+18774554664
+18774562866
+18774612286
+18774623649
+18774630091
+18774632399
+18774636266
+18774646968
+18774646969
+18774663787
+18774665877
+18774666253
+18774674944
+18774676911
+18774676921
+18774676924
+18774676926
+18774676939
+18774676940
+18774676943
+18774676944
+18774676948
+18774676950
+18774676954
+18774676956
+18774676962
+18774676965
+18774676966
+18774676967
+18774676969
+18774676973
+18774676987
+18774676991
+18774682229
+18774682428
+18774682432
+18774682439
+18774682625
+18774682663
+18774682668
+18774682888
+18774683283
+18774683338
+18774683425
+18774683825
+18774684257
+18774684297
+18774684377
+18774684438
+18774684475
+18774684653
+18774684669
+18774684673
+18774684676
+18774684747
+18774684897
+18774685239
+18774685347
+18774685394
+18774685433
+18774685463
+18774685465
+18774685477
+18774685683
+18774686253
+18774686833
+18774687394
+18774687397
+18774687398
+18774687399
+18774687666
+18774687883
+18774688223
+18774688244
+18774688255
+18774688286
+18774688305
+18774688323
+18774688325
+18774688326
+18774688327
+18774688328
+18774688333
+18774688336
+18774688337
+18774688342
+18774688346
+18774688348
+18774688353
+18774688380
+18774688382
+18774688386
+18774688399
+18774688425
+18774688437
+18774688438
+18774688468
+18774688489
+18774688666
+18774688669
+18774688739
+18774688866
+18774688874
+18774688932
+18774688999
+18774689433
+18774697638
+18774723338
+18774766976
+18774869888
+18774897446
+18774927448
+18775007664
+18775078283
+18775082653
+18775091536
+18775093425
+18775126111
+18775150693
+18775162245
+18775185239
+18775223078
+18775223767
+18775225633
+18775239739
+18775253226
+18775253689
+18775256366
+18775262746
+18775286654
+18775288555
+18775298900
+18775330339
+18775366673
+18775367691
+18775370366
+18775372426
+18775387739
+18775393223
+18775393244
+18775393323
+18775393425
+18775393437
+18775393438
+18775393468
+18775393489
+18775393669
+18775393866
+18775393932
+18775393999
+18775412525
+18775447111
+18775465922
+18775477277
+18775483546
+18775483739
+18775568796
+18775568984
+18775620424
+18775622573
+18775624266
+18775633786
+18775642677
+18775657529
+18775683277
+18775683739
+18775689388
+18775693779
+18775745566
+18775774354
+18775777764
+18775788845
+18775797382
+18775849779
+18775867948
+18775888461
+18775888462
+18775888463
+18775888889
+18775896974
+18775949863
+18775988336
+18775994785
+18776002323
+18776010271
+18776038887
+18776091888
+18776092670
+18776093888
+18776103555
+18776148560
+18776253322
+18776253327
+18776253331
+18776253336
+18776253342
+18776253344
+18776253348
+18776253362
+18776253363
+18776253373
+18776253383
+18776253739
+18776262749
+18776268194
+18776268303
+18776268580
+18776268635
+18776268825
+18776268985
+18776278372
+18776284489
+18776286705
+18776335609
+18776338464
+18776342628
+18776347829
+18776356283
+18776362739
+18776364636
+18776364739
+18776365463
+18776367399
+18776368688
+18776372426
+18776383549
+18776384684
+18776392495
+18776427624
+18776453223
+18776453255
+18776453323
+18776453386
+18776453437
+18776453438
+18776453468
+18776453489
+18776453666
+18776453669
+18776453739
+18776453825
+18776453866
+18776453932
+18776453999
+18776457739
+18776461783
+18776463271
+18776481414
+18776484838
+18776487182
+18776488389
+18776489450
+18776526094
+18776535900
+18776570400
+18776600920
+18776635433
+18776657399
+18776660000
+18776660255
+18776663825
+18776668336
+18776686746
+18776712742
+18776726437
+18776736534
+18776736537
+18776748069
+18776749223
+18776749244
+18776749255
+18776749386
+18776749425
+18776749426
+18776749437
+18776749438
+18776749446
+18776749489
+18776749666
+18776749669
+18776749739
+18776749866
+18776749924
+18776749999
+18776750781
+18776770538
+18776770545
+18776784667
+18776805740
+18776833429
+18776833447
+18776833523
+18776833636
+18776833739
+18776836000
+18776843154
+18776884448
+18776902126
+18776902866
+18776920578
+18776935500
+18776935759
+18776939477
+18776967429
+18776967436
+18776967446
+18776967448
+18776967463
+18776967465
+18776967487
+18776978779
+18776987294
+18776987838
+18776992358
+18777007399
+18777042746
+18777083048
+18777092225
+18777102625
+18777192000
+18777249222
+18777265847
+18777268437
+18777274757
+18777279307
+18777288435
+18777292773
+18777297626
+18777325739
+18777356228
+18777364737
+18777364739
+18777364782
+18777373385
+18777378377
+18777391111
+18777391234
+18777392229
+18777392255
+18777392263
+18777392265
+18777392273
+18777392284
+18777392329
+18777392424
+18777392426
+18777392428
+18777392437
+18777392639
+18777392663
+18777392668
+18777392739
+18777393283
+18777393338
+18777393668
+18777393733
+18777393825
+18777394283
+18777394378
+18777394438
+18777394475
+18777394653
+18777394676
+18777394739
+18777394897
+18777395239
+18777395347
+18777395425
+18777395433
+18777395463
+18777395477
+18777395483
+18777395683
+18777396253
+18777396338
+18777396455
+18777396659
+18777396673
+18777396736
+18777396833
+18777397325
+18777397399
+18777397587
+18777397666
+18777397883
+18777398223
+18777398244
+18777398255
+18777398276
+18777398326
+18777398378
+18777398386
+18777398425
+18777398433
+18777398437
+18777398446
+18777398468
+18777398474
+18777398487
+18777398489
+18777398493
+18777398607
+18777398622
+18777398633
+18777398644
+18777398666
+18777398669
+18777398679
+18777398690
+18777398692
+18777398694
+18777398698
+18777398732
+18777398739
+18777398741
+18777398752
+18777398866
+18777398887
+18777398924
+18777398932
+18777398967
+18777399000
+18777399001
+18777399103
+18777399111
+18777399121
+18777399123
+18777399133
+18777399165
+18777399166
+18777399168
+18777399170
+18777399173
+18777399174
+18777399175
+18777399182
+18777399211
+18777399216
+18777399220
+18777399222
+18777399225
+18777399227
+18777399229
+18777399235
+18777399242
+18777399247
+18777399248
+18777399251
+18777399255
+18777399260
+18777399263
+18777399267
+18777399268
+18777399269
+18777399272
+18777399273
+18777399276
+18777399282
+18777399283
+18777399285
+18777399287
+18777399288
+18777399296
+18777399300
+18777399303
+18777399327
+18777399328
+18777399329
+18777399333
+18777399334
+18777399336
+18777399338
+18777399342
+18777399345
+18777399348
+18777399349
+18777399359
+18777399364
+18777399366
+18777399369
+18777399373
+18777399378
+18777399380
+18777399383
+18777399386
+18777399387
+18777399388
+18777399393
+18777399399
+18777399404
+18777399405
+18777399407
+18777399414
+18777399422
+18777399425
+18777399426
+18777399427
+18777399429
+18777399433
+18777399434
+18777399440
+18777399441
+18777399443
+18777399444
+18777399450
+18777399452
+18777399454
+18777399460
+18777399463
+18777399464
+18777399465
+18777399467
+18777399470
+18777399473
+18777399474
+18777399475
+18777399483
+18777399484
+18777399486
+18777399489
+18777399495
+18777399496
+18777399499
+18777399502
+18777399515
+18777399518
+18777399523
+18777399525
+18777399530
+18777399532
+18777399534
+18777399539
+18777399542
+18777399543
+18777399544
+18777399547
+18777399548
+18777399556
+18777399558
+18777399561
+18777399562
+18777399565
+18777399582
+18777399583
+18777399584
+18777399585
+18777399587
+18777399588
+18777399600
+18777399624
+18777399625
+18777399628
+18777399633
+18777399636
+18777399645
+18777399648
+18777399663
+18777399666
+18777399669
+18777399672
+18777399675
+18777399687
+18777399692
+18777399697
+18777399737
+18777399739
+18777399742
+18777399745
+18777399754
+18777399755
+18777399758
+18777399763
+18777399767
+18777399783
+18777399833
+18777399872
+18777399886
+18777399892
+18777399929
+18777399944
+18777399948
+18777400466
+18777409099
+18777424273
+18777427622
+18777433849
+18777463373
+18777464507
+18777464531
+18777464532
+18777464533
+18777464535
+18777464537
+18777464544
+18777464553
+18777464555
+18777464557
+18777464563
+18777464577
+18777465547
+18777465647
+18777465739
+18777466373
+18777466374
+18777466378
+18777466379
+18777467223
+18777467244
+18777467255
+18777467286
+18777467386
+18777467425
+18777467437
+18777467438
+18777467446
+18777467468
+18777467489
+18777467666
+18777467669
+18777467739
+18777467932
+18777467999
+18777475061
+18777478022
+18777508045
+18777537720
+18777546637
+18777572083
+18777578298
+18777579447
+18777588223
+18777588244
+18777588255
+18777588277
+18777588323
+18777588386
+18777588425
+18777588438
+18777588468
+18777588489
+18777588548
+18777588666
+18777588669
+18777588739
+18777588999
+18777607292
+18777662623
+18777663537
+18777673324
+18777676061
+18777676082
+18777676239
+18777676253
+18777676283
+18777676286
+18777676309
+18777676316
+18777676338
+18777676375
+18777676382
+18777676383
+18777676404
+18777676422
+18777676428
+18777676429
+18777676442
+18777676472
+18777676481
+18777676482
+18777676483
+18777676485
+18777676486
+18777676487
+18777676488
+18777676492
+18777676496
+18777676669
+18777677779
+18777678377
+18777688223
+18777688244
+18777688323
+18777688386
+18777688425
+18777688437
+18777688438
+18777688446
+18777688468
+18777688489
+18777688666
+18777688669
+18777688739
+18777688866
+18777688924
+18777688932
+18777688999
+18777693699
+18777714255
+18777714256
+18777733377
+18777735483
+18777737273
+18777767077
+18777773825
+18777777286
+18777777448
+18777779719
+18777792442
+18777826327
+18777858594
+18777862574
+18777867282
+18777867437
+18777877929
+18777877936
+18777877938
+18777877946
+18777877948
+18777877963
+18777877964
+18777877967
+18777877982
+18777877987
+18777877993
+18777878291
+18777894748
+18777895259
+18777988363
+18777990537
+18777995463
+18778005282
+18778005572
+18778108108
+18778112237
+18778141520
+18778254158
+18778255263
+18778255709
+18778255739
+18778255966
+18778262256
+18778292753
+18778311212
+18778317908
+18778322668
+18778328369
+18778336937
+18778341044
+18778344044
+18778355375
+18778377282
+18778385613
+18778385616
+18778392746
+18778393753
+18778408487
+18778423546
+18778437279
+18778438255
+18778444765
+18778462277
+18778472911
+18778488929
+18778488936
+18778488948
+18778488963
+18778493628
+18778493653
+18778493672
+18778493678
+18778493699
+18778510318
+18778532254
+18778544542
+18778552229
+18778574975
+18778575133
+18778587268
+18778597355
+18778642637
+18778653338
+18778696356
+18778712228
+18778726729
+18778726736
+18778726746
+18778726748
+18778726763
+18778726765
+18778726787
+18778735463
+18778748836
+18778776539
+18778808351
+18778822011
+18778831363
+18778838179
+18778870133
+18778875391
+18778876636
+18778887739
+18778891209
+18778898209
+18778914277
+18778922894
+18778990542
+18779069631
+18779070303
+18779134040
+18779151030
+18779161090
+18779161100
+18779178328
+18779244765
+18779248463
+18779252438
+18779259030
+18779268968
+18779282448
+18779291008
+18779293483
+18779293655
+18779300101
+18779327483
+18779355598
+18779355637
+18779381249
+18779381475
+18779382262
+18779382539
+18779382540
+18779382541
+18779382542
+18779382544
+18779382545
+18779382546
+18779382547
+18779382548
+18779382549
+18779382552
+18779382554
+18779383063
+18779383825
+18779384137
+18779386292
+18779386833
+18779387783
+18779387825
+18779399908
+18779433739
+18779467223
+18779467255
+18779467346
+18779467348
+18779467365
+18779467386
+18779467425
+18779467437
+18779467438
+18779467468
+18779467489
+18779467666
+18779467669
+18779467739
+18779467866
+18779502866
+18779534164
+18779552742
+18779594442
+18779594446
+18779597883
+18779637792
+18779640300
+18779642237
+18779663640
+18779663647
+18779663654
+18779663660
+18779663661
+18779663665
+18779663671
+18779663689
+18779663699
+18779665584
+18779687277
+18779795925
+18779824622
+18779874675
+18779924425
+18779925298
+18779930813
+18779944832
+18779995463
+18779995850
+18779998336
+18846748172
+18871221334
+18882016918
+18882078487
+18882096057
+18882101010
+18882108445
+18882114668
+18882127293
+18882133879
+18882143488
+18882207732
+18882214373
+18882223825
+18882225483
+18882226948
+18882228957
+18882229739
+18882232777
+18882255432
+18882255739
+18882260331
+18882264565
+18882266453
+18882267464
+18882273739
+18882278464
+18882278708
+18882294021
+18882300752
+18882325543
+18882327910
+18882327919
+18882328885
+18882334373
+18882335325
+18882340916
+18882346963
+18882347243
+18882362678
+18882363678
+18882364403
+18882373523
+18882376342
+18882377291
+18882378222
+18882378739
+18882385818
+18882385821
+18882385824
+18882385827
+18882385833
+18882385837
+18882385838
+18882385844
+18882385846
+18882385847
+18882385854
+18882385856
+18882385862
+18882385866
+18882385869
+18882385870
+18882385873
+18882385874
+18882385877
+18882385878
+18882385879
+18882385880
+18882385882
+18882385883
+18882385893
+18882385899
+18882388533
+18882392527
+18882405433
+18882409849
+18882422874
+18882422878
+18882425784
+18882427788
+18882428002
+18882428047
+18882428156
+18882428238
+18882428255
+18882428363
+18882428365
+18882428373
+18882428386
+18882428397
+18882428428
+18882428440
+18882428445
+18882428546
+18882428548
+18882428561
+18882428568
+18882428669
+18882428793
+18882428825
+18882428872
+18882428999
+18882432773
+18882434625
+18882442662
+18882442888
+18882443425
+18882443454
+18882444653
+18882445847
+18882448487
+18882449597
+18882472428
+18882472769
+18882475541
+18882482429
+18882482436
+18882482446
+18882482448
+18882482463
+18882482465
+18882491484
+18882493011
+18882508152
+18882522534
+18882522544
+18882522573
+18882522576
+18882522578
+18882557398
+18882569562
+18882573613
+18882575757
+18882586327
+18882588591
+18882594900
+18882595973
+18882622265
+18882625223
+18882625244
+18882625323
+18882625386
+18882625425
+18882625437
+18882625438
+18882625446
+18882625468
+18882625489
+18882625666
+18882625669
+18882625739
+18882625746
+18882625866
+18882625924
+18882625932
+18882625999
+18882636543
+18882642084
+18882644046
+18882646486
+18882647765
+18882658378
+18882662225
+18882663739
+18882665452
+18882666626
+18882678438
+18882684475
+18882705285
+18882726453
+18882732408
+18882732787
+18882750203
+18882757468
+18882768284
+18882768738
+18882773825
+18882774653
+18882776359
+18882777399
+18882778487
+18882806805
+18882812382
+18882813850
+18882818350
+18882818351
+18882827154
+18882837489
+18882858873
+18882866663
+18882868669
+18882869422
+18882888286
+18882888739
+18882895533
+18882912427
+18882952424
+18882976666
+18882978213
+18882984856
+18882985533
+18882989800
+18883038378
+18883039945
+18883046635
+18883046667
+18883055014
+18883071390
+18883074328
+18883137155
+18883140744
+18883144273
+18883152297
+18883157644
+18883173123
+18883181446
+18883213825
+18883217399
+18883226152
+18883258714
+18883267796
+18883268273
+18883268274
+18883268279
+18883278074
+18883278458
+18883283338
+18883283546
+18883283825
+18883284475
+18883285239
+18883285347
+18883285477
+18883286999
+18883287399
+18883288487
+18883306397
+18883307699
+18883325276
+18883327591
+18883333195
+18883335347
+18883348674
+18883367574
+18883372428
+18883372508
+18883378462
+18883382515
+18883384736
+18883384746
+18883384748
+18883423784
+18883425223
+18883425225
+18883425244
+18883425255
+18883425323
+18883425386
+18883425425
+18883425437
+18883425438
+18883425446
+18883425489
+18883425666
+18883425669
+18883425739
+18883425866
+18883425924
+18883425932
+18883425999
+18883426202
+18883428865
+18883446953
+18883453223
+18883453255
+18883453386
+18883453425
+18883453437
+18883453446
+18883453489
+18883453666
+18883453669
+18883453739
+18883453866
+18883453924
+18883453932
+18883453999
+18883463333
+18883469935
+18883473283
+18883478918
+18883502028
+18883518665
+18883520626
+18883536662
+18883547462
+18883547812
+18883547824
+18883547825
+18883547837
+18883547846
+18883547860
+18883547871
+18883547873
+18883551664
+18883571110
+18883574577
+18883575555
+18883582265
+18883588973
+18883642740
+18883647757
+18883657269
+18883666245
+18883666248
+18883666253
+18883666329
+18883666336
+18883666346
+18883666348
+18883666363
+18883666365
+18883666387
+18883667954
+18883673425
+18883675333
+18883676846
+18883677399
+18883680844
+18883691483
+18883711957
+18883728328
+18883733739
+18883764463
+18883768422
+18883768427
+18883768429
+18883768436
+18883768446
+18883768448
+18883782837
+18883784223
+18883786776
+18883788955
+18883797939
+18883806318
+18883808349
+18883822669
+18883825106
+18883825223
+18883825225
+18883825244
+18883825253
+18883825255
+18883825277
+18883825323
+18883825382
+18883825386
+18883825425
+18883825429
+18883825437
+18883825438
+18883825446
+18883825464
+18883825468
+18883825484
+18883825489
+18883825499
+18883825530
+18883825636
+18883825655
+18883825666
+18883825669
+18883825717
+18883825739
+18883825769
+18883825827
+18883825848
+18883825866
+18883825872
+18883825924
+18883825932
+18883825968
+18883825999
+18883835728
+18883838300
+18883863825
+18883864475
+18883867588
+18883873777
+18883875537
+18883877924
+18883886113
+18883906966
+18883919597
+18883923616
+18883923626
+18883924304
+18883924345
+18883924353
+18883937241
+18883965463
+18883967759
+18883985904
+18883997283
+18884003287
+18884005297
+18884008992
+18884021212
+18884048531
+18884049900
+18884052950
+18884071608
+18884073048
+18884076842
+18884087327
+18884088534
+18884105522
+18884120081
+18884126366
+18884135974
+18884139000
+18884158637
+18884162401
+18884200909
+18884222378
+18884224592
+18884232533
+18884232838
+18884242697
+18884260114
+18884262537
+18884263848
+18884273277
+18884273564
+18884273739
+18884275628
+18884278944
+18884291234
+18884292428
+18884292662
+18884293283
+18884293284
+18884293733
+18884293825
+18884294042
+18884295459
+18884295463
+18884295465
+18884295483
+18884296253
+18884297399
+18884297666
+18884298487
+18884323573
+18884331466
+18884334811
+18884335144
+18884337088
+18884345335
+18884354399
+18884361107
+18884371423
+18884383478
+18884384273
+18884385239
+18884385243
+18884385600
+18884409021
+18884436474
+18884438385
+18884440000
+18884442424
+18884442428
+18884442883
+18884443000
+18884444475
+18884457353
+18884464676
+18884468785
+18884475277
+18884475718
+18884475739
+18884475833
+18884480469
+18884482033
+18884484765
+18884487137
+18884488935
+18884489777
+18884492428
+18884598333
+18884612286
+18884612867
+18884623649
+18884626197
+18884630091
+18884632399
+18884646968
+18884646969
+18884665877
+18884666253
+18884669962
+18884674944
+18884676911
+18884676921
+18884676924
+18884676926
+18884676939
+18884676940
+18884676943
+18884676944
+18884676948
+18884676950
+18884676954
+18884676956
+18884676962
+18884676965
+18884676966
+18884676967
+18884676969
+18884676973
+18884676987
+18884676991
+18884677683
+18884682225
+18884682229
+18884682428
+18884682432
+18884682439
+18884682663
+18884682668
+18884682888
+18884683283
+18884683338
+18884683825
+18884684475
+18884684653
+18884684673
+18884684676
+18884684747
+18884685239
+18884685347
+18884685397
+18884685463
+18884685465
+18884685477
+18884685683
+18884685878
+18884686253
+18884686833
+18884687394
+18884687397
+18884687398
+18884687399
+18884687588
+18884687666
+18884687879
+18884687883
+18884688223
+18884688244
+18884688255
+18884688305
+18884688323
+18884688325
+18884688326
+18884688327
+18884688328
+18884688333
+18884688336
+18884688337
+18884688342
+18884688346
+18884688348
+18884688353
+18884688380
+18884688382
+18884688386
+18884688399
+18884688425
+18884688437
+18884688438
+18884688468
+18884688487
+18884688489
+18884688666
+18884688669
+18884688739
+18884688866
+18884688932
+18884688999
+18884689433
+18884697638
+18884712474
+18884722560
+18884727161
+18884736825
+18884739244
+18884746769
+18884774761
+18884780090
+18884784371
+18884797883
+18884803511
+18884804276
+18884814913
+18884831110
+18884835872
+18884856206
+18884874726
+18884878537
+18884884618
+18884893825
+18884897446
+18884907529
+18884979140
+18884981244
+18884992582
+18885005050
+18885005500
+18885014324
+18885040808
+18885041603
+18885056969
+18885065460
+18885077825
+18885078283
+18885092398
+18885093425
+18885132189
+18885162245
+18885169943
+18885185239
+18885207511
+18885223767
+18885225633
+18885239669
+18885256366
+18885263280
+18885272731
+18885276327
+18885282159
+18885288555
+18885298555
+18885298900
+18885303844
+18885325362
+18885326407
+18885337062
+18885347399
+18885352548
+18885367691
+18885372426
+18885377422
+18885380629
+18885383825
+18885387739
+18885393223
+18885393244
+18885393323
+18885393425
+18885393437
+18885393438
+18885393468
+18885393489
+18885393669
+18885393866
+18885393932
+18885393999
+18885425277
+18885433391
+18885449375
+18885452742
+18885465922
+18885477277
+18885483546
+18885483739
+18885488267
+18885501661
+18885527588
+18885528669
+18885530755
+18885535493
+18885545288
+18885545549
+18885562930
+18885609997
+18885620424
+18885622573
+18885633786
+18885657529
+18885683277
+18885683739
+18885683848
+18885701071
+18885747467
+18885758731
+18885765825
+18885774369
+18885777764
+18885788873
+18885807070
+18885841372
+18885851057
+18885866765
+18885873825
+18885888461
+18885888462
+18885888463
+18885894999
+18885899794
+18885922753
+18885932232
+18885932742
+18885948080
+18885955566
+18885956833
+18885965664
+18885983927
+18885988336
+18885995910
+18886007777
+18886008888
+18886009999
+18886010404
+18886020505
+18886037399
+18886038887
+18886064648
+18886067008
+18886116725
+18886163025
+18886164327
+18886172633
+18886196253
+18886208059
+18886220922
+18886222263
+18886239376
+18886252384
+18886252580
+18886253322
+18886253327
+18886253331
+18886253336
+18886253342
+18886253344
+18886253348
+18886253362
+18886253363
+18886253373
+18886253383
+18886253739
+18886263825
+18886274637
+18886279569
+18886284489
+18886305797
+18886335609
+18886339453
+18886342628
+18886347829
+18886354772
+18886358365
+18886362636
+18886362739
+18886364636
+18886364739
+18886365463
+18886367399
+18886367666
+18886383549
+18886384684
+18886413422
+18886422323
+18886423277
+18886427624
+18886445465
+18886453223
+18886453255
+18886453286
+18886453323
+18886453386
+18886453437
+18886453438
+18886453468
+18886453489
+18886453666
+18886453669
+18886453739
+18886453825
+18886453866
+18886453932
+18886453999
+18886459739
+18886462696
+18886463271
+18886477537
+18886478553
+18886478575
+18886502223
+18886504997
+18886523054
+18886523736
+18886535931
+18886537424
+18886541961
+18886542633
+18886542796
+18886545555
+18886549666
+18886556366
+18886559669
+18886561565
+18886569739
+18886572234
+18886614688
+18886626548
+18886645138
+18886650481
+18886663825
+18886665683
+18886667399
+18886667792
+18886684604
+18886712742
+18886717211
+18886718742
+18886732669
+18886736534
+18886738777
+18886748069
+18886748553
+18886748887
+18886749223
+18886749244
+18886749255
+18886749277
+18886749386
+18886749425
+18886749437
+18886749438
+18886749446
+18886749489
+18886749666
+18886749669
+18886749739
+18886749866
+18886749924
+18886749999
+18886750781
+18886755078
+18886770538
+18886770545
+18886774475
+18886783674
+18886790686
+18886825249
+18886827437
+18886833429
+18886833447
+18886833523
+18886833636
+18886833739
+18886833833
+18886843154
+18886884448
+18886885428
+18886889135
+18886896741
+18886902866
+18886935500
+18886940603
+18886953559
+18886964000
+18886964766
+18886966766
+18886967429
+18886967436
+18886967446
+18886967448
+18886967463
+18886967465
+18886967487
+18886972739
+18886974621
+18886974948
+18886992423
+18887007399
+18887010707
+18887028887
+18887076651
+18887083048
+18887092225
+18887100227
+18887102542
+18887102625
+18887112774
+18887192000
+18887203100
+18887225286
+18887245464
+18887246475
+18887247240
+18887249222
+18887262893
+18887263739
+18887268437
+18887287687
+18887292773
+18887300606
+18887311259
+18887323222
+18887329253
+18887334425
+18887338284
+18887344331
+18887354179
+18887362511
+18887364737
+18887364739
+18887364782
+18887368257
+18887378287
+18887383261
+18887384227
+18887391111
+18887391234
+18887391661
+18887392229
+18887392255
+18887392263
+18887392265
+18887392273
+18887392284
+18887392329
+18887392424
+18887392426
+18887392428
+18887392582
+18887392639
+18887392663
+18887392668
+18887392739
+18887392888
+18887393283
+18887393338
+18887393733
+18887393825
+18887394263
+18887394283
+18887394475
+18887394653
+18887394676
+18887394739
+18887395239
+18887395347
+18887395425
+18887395433
+18887395463
+18887395477
+18887395483
+18887395683
+18887395878
+18887396253
+18887396338
+18887396659
+18887396736
+18887396833
+18887397278
+18887397399
+18887397448
+18887397529
+18887397587
+18887397588
+18887397666
+18887397883
+18887398176
+18887398180
+18887398187
+18887398194
+18887398202
+18887398223
+18887398244
+18887398253
+18887398255
+18887398259
+18887398326
+18887398336
+18887398386
+18887398425
+18887398437
+18887398446
+18887398468
+18887398489
+18887398666
+18887398669
+18887398739
+18887398866
+18887398924
+18887398932
+18887399000
+18887399001
+18887399103
+18887399111
+18887399121
+18887399123
+18887399133
+18887399165
+18887399166
+18887399168
+18887399170
+18887399173
+18887399174
+18887399175
+18887399182
+18887399211
+18887399216
+18887399220
+18887399222
+18887399225
+18887399227
+18887399229
+18887399235
+18887399242
+18887399247
+18887399248
+18887399251
+18887399255
+18887399260
+18887399263
+18887399267
+18887399268
+18887399269
+18887399272
+18887399273
+18887399276
+18887399277
+18887399282
+18887399283
+18887399285
+18887399287
+18887399288
+18887399296
+18887399300
+18887399303
+18887399321
+18887399324
+18887399327
+18887399328
+18887399329
+18887399333
+18887399334
+18887399336
+18887399338
+18887399342
+18887399345
+18887399348
+18887399349
+18887399359
+18887399364
+18887399366
+18887399369
+18887399373
+18887399378
+18887399380
+18887399383
+18887399386
+18887399387
+18887399388
+18887399393
+18887399399
+18887399404
+18887399405
+18887399407
+18887399414
+18887399422
+18887399425
+18887399426
+18887399427
+18887399429
+18887399433
+18887399434
+18887399440
+18887399441
+18887399443
+18887399444
+18887399447
+18887399448
+18887399450
+18887399452
+18887399454
+18887399460
+18887399463
+18887399464
+18887399465
+18887399467
+18887399470
+18887399473
+18887399474
+18887399475
+18887399483
+18887399484
+18887399486
+18887399489
+18887399495
+18887399496
+18887399499
+18887399502
+18887399515
+18887399518
+18887399523
+18887399525
+18887399530
+18887399532
+18887399534
+18887399539
+18887399542
+18887399543
+18887399544
+18887399548
+18887399556
+18887399562
+18887399565
+18887399582
+18887399583
+18887399584
+18887399585
+18887399587
+18887399588
+18887399600
+18887399624
+18887399625
+18887399628
+18887399633
+18887399636
+18887399645
+18887399648
+18887399663
+18887399666
+18887399669
+18887399672
+18887399675
+18887399687
+18887399692
+18887399697
+18887399737
+18887399739
+18887399745
+18887399754
+18887399755
+18887399758
+18887399763
+18887399767
+18887399783
+18887399833
+18887399872
+18887399886
+18887399892
+18887399929
+18887399944
+18887399948
+18887433849
+18887436253
+18887454872
+18887462489
+18887463373
+18887464507
+18887464531
+18887464532
+18887464533
+18887464535
+18887464537
+18887464544
+18887464553
+18887464555
+18887464557
+18887464563
+18887464577
+18887465547
+18887466373
+18887466374
+18887466378
+18887466379
+18887467223
+18887467244
+18887467255
+18887467386
+18887467425
+18887467437
+18887467438
+18887467446
+18887467468
+18887467489
+18887467537
+18887467666
+18887467669
+18887467739
+18887467932
+18887467999
+18887468489
+18887478022
+18887507399
+18887508045
+18887516521
+18887528550
+18887538274
+18887547661
+18887574912
+18887577325
+18887587739
+18887588223
+18887588244
+18887588255
+18887588277
+18887588323
+18887588386
+18887588425
+18887588438
+18887588468
+18887588489
+18887588666
+18887588669
+18887588739
+18887588999
+18887595026
+18887623562
+18887624159
+18887647911
+18887662623
+18887663869
+18887665656
+18887666048
+18887673324
+18887676061
+18887676082
+18887676239
+18887676253
+18887676283
+18887676286
+18887676309
+18887676316
+18887676338
+18887676375
+18887676382
+18887676383
+18887676404
+18887676422
+18887676428
+18887676429
+18887676442
+18887676472
+18887676481
+18887676482
+18887676483
+18887676485
+18887676486
+18887676487
+18887676488
+18887676492
+18887676496
+18887676739
+18887688223
+18887688244
+18887688323
+18887688386
+18887688425
+18887688437
+18887688438
+18887688446
+18887688468
+18887688489
+18887688526
+18887688562
+18887688666
+18887688669
+18887688739
+18887688866
+18887688924
+18887688932
+18887688999
+18887690383
+18887693699
+18887701194
+18887705021
+18887728465
+18887735483
+18887741535
+18887757833
+18887777286
+18887792442
+18887794487
+18887797979
+18887824623
+18887825848
+18887827872
+18887828718
+18887866923
+18887872427
+18887872623
+18887877927
+18887877929
+18887877932
+18887877936
+18887877946
+18887877948
+18887877963
+18887877965
+18887877966
+18887877978
+18887877985
+18887877987
+18887877988
+18887878291
+18887895259
+18887926198
+18887945411
+18887946848
+18887962657
+18887971044
+18887977041
+18887995463
+18887996668
+18888002200
+18888004400
+18888005282
+18888005500
+18888007739
+18888008080
+18888032298
+18888046893
+18888084878
+18888108108
+18888126592
+18888136813
+18888190946
+18888227862
+18888236127
+18888239243
+18888249221
+18888255263
+18888255534
+18888255709
+18888255739
+18888255866
+18888255966
+18888262256
+18888276633
+18888311212
+18888326739
+18888336277
+18888336288
+18888336386
+18888336468
+18888336739
+18888336758
+18888336848
+18888336937
+18888337396
+18888339453
+18888359861
+18888365346
+18888368003
+18888368030
+18888377246
+18888377962
+18888378934
+18888385613
+18888385616
+18888400322
+18888404255
+18888408487
+18888423546
+18888428252
+18888432666
+18888434564
+18888437825
+18888438255
+18888444765
+18888462277
+18888474467
+18888477738
+18888487955
+18888488487
+18888488929
+18888488936
+18888488948
+18888488963
+18888493628
+18888493653
+18888493672
+18888493678
+18888493699
+18888505500
+18888510318
+18888511543
+18888552229
+18888574975
+18888575133
+18888579447
+18888595169
+18888642637
+18888646639
+18888658133
+18888666776
+18888667882
+18888672852
+18888696356
+18888696396
+18888699969
+18888712280
+18888722867
+18888724710
+18888726729
+18888726736
+18888726746
+18888726748
+18888726763
+18888726765
+18888726787
+18888735463
+18888747233
+18888759531
+18888760635
+18888776539
+18888796874
+18888832044
+18888841050
+18888843466
+18888850555
+18888873551
+18888873889
+18888876636
+18888883825
+18888885944
+18888887399
+18888887739
+18888888487
+18888896565
+18888914277
+18888936396
+18888945109
+18888945563
+18888953494
+18888963634
+18888967399
+18888987148
+18889009090
+18889012688
+18889030505
+18889063966
+18889069631
+18889070202
+18889070303
+18889072303
+18889085989
+18889099905
+18889103663
+18889132590
+18889134040
+18889138464
+18889156453
+18889161090
+18889161100
+18889178328
+18889198400
+18889244765
+18889248463
+18889268968
+18889276739
+18889277467
+18889280413
+18889284013
+18889289421
+18889293655
+18889300101
+18889324642
+18889332928
+18889347687
+18889355598
+18889378336
+18889382223
+18889382262
+18889382539
+18889382540
+18889382541
+18889382542
+18889382544
+18889382545
+18889382546
+18889382547
+18889382548
+18889382549
+18889382552
+18889382554
+18889382888
+18889383063
+18889383338
+18889383732
+18889383825
+18889384475
+18889385347
+18889386292
+18889386833
+18889387588
+18889387783
+18889387879
+18889388336
+18889388487
+18889388874
+18889440424
+18889463227
+18889467223
+18889467255
+18889467346
+18889467348
+18889467365
+18889467386
+18889467425
+18889467437
+18889467438
+18889467468
+18889467489
+18889467666
+18889467669
+18889467739
+18889467866
+18889476943
+18889539393
+18889552742
+18889594442
+18889594446
+18889595718
+18889597883
+18889599799
+18889637792
+18889640392
+18889640397
+18889642237
+18889643176
+18889644721
+18889648863
+18889648902
+18889656647
+18889663640
+18889663647
+18889663654
+18889663660
+18889663661
+18889663665
+18889663671
+18889663689
+18889663699
+18889675888
+18889685276
+18889687277
+18889729652
+18889756565
+18889761115
+18889762453
+18889771813
+18889774435
+18889795925
+18889808902
+18889819637
+18889824622
+18889854095
+18889874675
+18889898223
+18889905825
+18889924425
+18889930813
+18889944763
+18889944832
+18889945297
+18889961854
+18889992468
+18889993825
+18889994232
+18889994444
+18889996833
+18889997399
+18889998336
+18889998487
+18992111828
+19002260206
+19004686455
+19007452344
+19009503434
+19009761000
+19012526666
+19012610001
+19012911111
+19013007700
+19013007701
+19013007702
+19013341595
+19016241400
+19018812358
+19018812974
+19018814091
+19033204371
+19035944700
+19039200066
+19039493939
+19042077058
+19042091001
+19044217070
+19045204900
+19048613124
+19048613125
+19048613126
+19048613127
+19049002869
+19052286725
+19052960556
+19052966725
+19054481111
+19054486725
+19059395092
+19077824290
+19083673374
+19086626666
+19086638989
+19087625151
+19093476545
+19093829400
+19094953119
+19095680500
+19098878757
+19099720684
+19103975404
+19105008544
+19106670808
+19107788800
+19107789000
+19108537000
+19122145222
+19123449898
+19125039199
+19127900404
+19132799215
+19132799216
+19133121212
+19138715569
+19138885569
+19139420390
+19139822000
+19139828888
+19143073636
+19144651216
+19144762202
+19145999622
+19146200351
+19146621406
+19149204700
+19152453838
+19152554400
+19152554444
+19152983600
+19153177153
+19156131778
+19159969918
+19162442088
+19162822300
+19162826444
+19163401600
+19164032200
+19164185341
+19164283271
+19164732132
+19164893838
+19165960100
+19166379922
+19167515100
+19167515151
+19168181663
+19169202952
+19174704404
+19178937903
+19182892866
+19182892867
+19183596666
+19185568893
+19187083333
+19188772222
+19188780000
+19188782200
+19192460808
+19193482239
+19194152200
+19194249999
+19194252700
+19194291119
+19194294119
+19195251875
+19195736832
+19195736833
+19196954825
+19198278104
+19198278106
+19198387128
+19198826400
+19198827855
+19199269444
+19202664444
+19206433333
+19207630033
+19207855555
+19252020008
+19256950606
+19258260808
+19259564123
+19259564124
+19259564126
+19283886666
+19292442991
+19294488762
+19294512770
+19298012218
+19298224541
+19298288984
+19312309316
+19312330304
+19312414500
+19312740707
+19343456893
+19363406007
+19364442400
+19366493333
+19372344444
+19374013333
+19374015100
+19376605777
+19379131111
+19379132036
+19379132056
+19379132058
+19379132064
+19379132266
+19379720083
+19399380044
+19402329800
+19402399399
+19402499500
+19403157205
+19404320707
+19404420202
+19412254444
+19416841850
+19418060200
+19492437655
+19494401555
+19494475553
+19494568400
+19494568800
+19496067900
+19496067979
+19498850636
+19512811000
+19512814571
+19513245700
+19514891902
+19515300434
+19515718330
+19516668896
+19516864357
+19518241649
+19522239292
+19522414322
+19524446966
+19524446983
+19528070707
+19542263206
+19542290997
+19542330818
+19542395888
+19542411700
+19542411701
+19543662232
+19544636600
+19545147253
+19545225988
+19545333335
+19545581212
+19545601164
+19545614898
+19545641221
+19545664628
+19545728844
+19545729331
+19546606200
+19546606245
+19546606246
+19546781111
+19547034241
+19547308121
+19547486378
+19548390731
+19548625552
+19549031111
+19549490202
+19549663699
+19562158962
+19562261000
+19562261520
+19562261792
+19562315700
+19562315959
+19562679383
+19564040425
+19565450300
+19568150001
+19702121222
+19703364031
+19703364074
+19703364085
+19703392405
+19703509222
+19703509230
+19703509287
+19703509336
+19703509350
+19703509380
+19703509384
+19703509386
+19703509390
+19703509392
+19703509400
+19703509401
+19703509402
+19703509430
+19703509450
+19703509451
+19703509500
+19703509510
+19703509595
+19703509600
+19703509627
+19703509702
+19703509710
+19703509731
+19703509740
+19703509757
+19703509777
+19703509780
+19703509795
+19703509801
+19703509811
+19703509830
+19703509833
+19703509861
+19703509881
+19707973300
+19707976700
+19712300047
+19712404500
+19712404600
+19712448110
+19712448111
+19712808437
+19718670221
+19719401370
+19722130300
+19722200700
+19722432707
+19722446578
+19722470073
+19722630774
+19724068900
+19724399050
+19724399202
+19725054997
+19725129146
+19725385942
+19727041575
+19728052392
+19728134000
+19728691098
+19729724072
+19729924272
+19729931101
+19733179900
+19736794051
+19736794052
+19736794053
+19737187080
+19738046666
+19738499000
+19738546380
+19738625555
+19738835252
+19739547444
+19782292277
+19784002000
+19788614200
+19792436763
+19794310900
+19795995555
+19795999500
+19797054002
+19799435555
+19802359500
+19803217696
+19803725578
+19809396187
+19853543333
+19853543500
+19856627101
+19876543210
+19876543211
+19876543212
+19876543213
+19876543214
+19876543215
+19876543216
+19876543217
+19876543218
+19876543219
+19892728282
+19893333030
+19894849500
+19894849800
+19898060660
+234567890
+555123456
+6056155700
+80024284781
+9722031267888
+9727321234567
+9728846748172
+9728871221334
+9728992111828
+97924367630
+97924367631
+97924367632
+97924367633
+97924367634
+97924367635
+97924367636
+97924367637
+97924367638
+97924367639
+987654321
